Date,ConfirmedGrowth,Confirmed,Tests,Hospitalized,Deaths,DeathsConfirmed,DeathsProbable,PositivePct,CurrentlyHospitalized,CurrentlyInICU,CurrentlyOnVentilator,Geography,ID Geography,DailyDeaths,DailyHospitalized,DailyTests,ConfirmedPC,DailyDeathsPC,DeathsPC,DailyTestsPC,TestsPC,DailyHospitalizedPC,HospitalizedPC,ConfirmedGrowthPC,ConfirmedSmooth,ConfirmedPCSmooth,DailyDeathsSmooth,DailyDeathsPCSmooth,DeathsSmooth,DeathsPCSmooth,DailyTestsSmooth,DailyTestsPCSmooth,TestsSmooth,TestsPCSmooth,DailyHospitalizedSmooth,DailyHospitalizedPCSmooth,HospitalizedSmooth,HospitalizedPCSmooth,ConfirmedGrowthSmooth,ConfirmedGrowthPCSmooth,Timestamp,Year,Date_year,Date1
3/4/20,0,6,78,,,0,,7.692307692,,,,New York,04000US36,,,,0.030702773,,,,0.399136044,,,,96.625,0.494442568,0,0,0,0,40.75,0.208522998,322.625,1.650913671,0,0,0,0,26.25,0.13432463,1.58E+12,2020/,3/4/20,202034
3/5/20,16,22,122,,,,,18.03278689,,,,New York,04000US36,0,0,44,0.112576833,,,0.225153666,0.624289711,,,0.08187406,109.8888889,0.562315595,0,0,0,0,36.22222222,0.185353776,331.6666667,1.697181044,0,0,0,0,23.33333333,0.119399671,1.58E+12,2020/,3/5/20,202035
3/6/20,11,33,361,,,,,9.141274238,,,,New York,04000US36,0,0,239,0.16886525,,,1.222993777,1.847283488,,,0.056288417,141,0.721515157,0,0,0,0,312.2,1.597567604,618.5,3.164944147,0,0,0,0,41.5,0.212360844,1.58E+12,2020/,3/6/20,202036
3/7/20,43,76,404,,,,,18.81188119,,,,New York,04000US36,0,0,43,0.388901787,,,0.220036537,2.067320025,,,0.220036537,175.8181818,0.899684277,0,0,0,0,293.1818182,1.500249118,862.5454545,4.413756165,0,0,0,0,47.09090909,0.240970246,1.58E+12,2020/,3/7/20,202037
3/8/20,29,105,404,,,,,25.99009901,,,,New York,04000US36,0,0,0,0.537298521,,,,2.067320025,,,0.148396734,221.9166667,1.135576161,0.25,0.001279282,0.25,0.001279282,432.8333333,2.214863905,1230,6.294068393,0,0,0,0,60.25,0.308307009,1.58E+12,2020/,3/8/20,202038
3/9/20,37,142,404,,,,,35.14851485,,,,New York,04000US36,0,0,0,0.726632286,,,,2.067320025,,,0.189333765,277.9230769,1.422168174,0.538461538,0.002755377,0.769230769,0.003936253,416.5384615,2.131480947,1557.923077,7.972093006,0,0,0,0,72.61538462,0.371582274,1.58E+12,2020/,3/9/20,202039
3/10/20,31,173,404,,,,,42.82178218,,,,New York,04000US36,0,0,0,0.885263278,,,,2.067320025,,,0.158630992,379.5,1.94195037,0.5,0.002558564,1.214285714,0.006213656,509.1428571,2.605349565,1961.357143,10.03651707,0,0,0,0,121,0.619172582,1.58E+12,2020/,3/10/20,2020310
3/11/20,43,216,404,,,,,53.46534653,,,,New York,04000US36,0,0,0,1.105299815,,,,2.067320025,,,0.220036537,513,2.625087062,0.8,0.004093703,1.933333333,0.009893116,967.9333333,4.953039512,2803.733333,14.34706452,0,0,0,0,158.4,0.810553198,1.58E+12,2020/,3/11/20,2020311
3/12/20,0,216,404,,,,,53.46534653,,,,New York,04000US36,0,0,0,1.105299815,,,,2.067320025,,,,789.4,4.039461455,0.8,0.004093703,2.733333333,0.013986819,1480.4,7.575397438,4284.133333,21.92246196,0,0,0,0,276.4,1.414374393,1.58E+12,2020/,3/12/20,2020312
3/13/20,205,421,3200,,,,,13.15625,,,,New York,04000US36,0,0,2796,2.154311214,,,14.30749205,16.37481208,,,1.049011399,1261.4,6.454746237,2.333333333,0.011939967,5.066666667,0.025926786,2153.666667,11.02058967,6437.8,32.94305163,0,0,0,0,472,2.415284782,1.58E+12,2020/,3/13/20,2020313
3/14/20,103,524,3303,,,,,15.86436573,,,,New York,04000US36,0,0,103,2.681375478,,,0.527064264,16.90187634,,,0.527064264,1949.6,9.97635426,2.933333333,0.015010244,8,0.04093703,3005.066667,15.37731311,9442.866667,48.32036474,102.0666667,0.522288277,102.0666667,0.522288277,688.2,3.521608023,1.58E+12,2020/,3/14/20,2020314
3/15/20,205,729,5272,,3,,,13.82776935,,,,New York,04000US36,3,0,1969,3.730386877,0.015351386,0.015351386,10.07562656,26.9775029,,,1.049011399,2955.733333,15.12486809,7.6,0.038890179,15.6,0.079827209,4066.466667,20.80863359,13509.33333,69.12899833,156.9333333,0.803048076,259,1.325336353,1006.133333,5.148513831,1.58E+12,2020/,3/15/20,2020315
3/16/20,221,950,5493,,7,,,17.29473876,,,,New York,04000US36,4,0,221,4.861272336,0.020468515,0.035819901,1.130885459,28.10838836,,,1.130885459,4340.4,22.21038573,7.6,0.038890179,23.2,0.118717388,5192.333333,26.56983831,18701.66667,95.69883664,208.3333333,1.066068495,467.3333333,2.391404847,1384.666667,7.085517644,1.58E+12,2020/,3/16/20,2020316
3/17/20,750,1700,7206,,7,,,23.59145157,325,,,New York,04000US36,0,0,1713,8.699118917,,0.035819901,8.765641591,36.87402995,,,3.837846581,6041.933333,30.91735092,14,0.071639803,37.2,0.19035719,6057.733333,30.99820155,24759.4,126.6970382,269.4,1.378554492,736.7333333,3.769959339,1701.533333,8.706965182,1.58E+12,2020/,3/17/20,2020317
3/18/20,682,2382,14597,,12,,,16.31842159,416,,,New York,04000US36,5,0,7391,12.18900074,0.025585644,0.061405545,37.82069878,74.69472873,,,3.489881825,8084.466667,41.36925701,19,0.097225447,56.2,0.287582637,6871.666667,35.16320323,31631.06667,161.8602414,341.7333333,1.748693473,1078.466667,5.518652813,2042.533333,10.45190609,1.58E+12,2020/,3/18/20,2020318
3/19/20,1770,4152,22284,,12,,,18.63220248,617,,,New York,04000US36,0,0,7687,21.24631867,,0.061405545,39.33536889,114.0300976,,,9.057317932,10553.93333,54.00583595,25.66666667,0.131339639,81.86666667,0.418922276,8113.333333,41.51697146,39744.4,203.3772129,461.4,2.361043217,1539.866667,7.87969603,2469.466667,12.63657894,1.58E+12,2020/,3/19/20,2020319
3/20/20,2950,7102,32427,,35,,,21.90150183,1042,,,New York,04000US36,23,0,10143,36.34184856,0.117693962,0.179099507,51.90303716,165.9331348,,,15.09552989,13515.2,69.15901882,34.6,0.177052656,116.4666667,0.595974931,9689.933333,49.58463669,49434.33333,252.9618496,582.1333333,2.978851231,2122,10.85854726,2961.266667,15.15318287,1.58E+12,2020/,3/20/20,2020320
3/21/20,3254,10356,45437,1531,44,,,22.79199771,1436,,,New York,04000US36,9,1531,13010,52.99298559,0.046054159,0.225153666,66.57384536,232.5069801,7.834324154,7.834324154,16.65113703,16975,86.86326095,48.53333333,0.248351317,165,0.844326248,10182.26667,52.10396975,59616.6,305.0658193,696.9333333,3.566297614,2818.933333,14.42484487,3459.8,17.70424214,1.58E+12,2020/,3/21/20,2020321
3/22/20,4812,15168,61401,2354,114,,,24.70318073,2043,,,New York,04000US36,70,823,15964,77.61660926,0.358199014,0.58335268,81.68984376,314.1968239,4.211396982,12.04572114,24.62362367,20907.6,106.9868816,64.33333333,0.329201951,229.3333333,1.173528199,11270.46667,57.67242929,70887.06667,362.7382486,846.3333333,4.330796653,3665.266667,18.75564153,3932.6,20.12362062,1.58E+12,2020/,3/22/20,2020322
3/23/20,5707,20875,78289,3125,114,,,26.66402687,2629,,,New York,04000US36,0,771,16888,106.8200632,,0.58335268,86.41807075,400.6148947,3.945306285,15.99102742,29.20345392,25292.13333,129.4231033,81,0.414487431,310.3333333,1.58801563,12079.73333,61.81355103,82966.8,424.5517996,971.8666667,4.973166885,4637.133333,23.72880841,4384.533333,22.43622168,1.58E+12,2020/,3/23/20,2020323
3/24/20,4790,25665,91270,4041,210,,,28.11986414,3343,,,New York,04000US36,96,916,12981,131.33111,0.491244362,1.074597043,66.42544863,467.0403433,4.687289958,20.67831738,24.51104683,30281.8,154.9558701,102.8666667,0.52638198,413.2,2.11439761,13312.86667,68.1236531,96279.66667,492.6754527,1139,5.828409675,5776.133333,29.55721809,4989.666667,25.53276688,1.59E+12,2020/,3/24/20,2020324
3/25/20,5146,30811,103479,5126,285,,,29.77512346,4079,,,New York,04000US36,75,1085,12209,157.6638547,0.383784658,1.458381701,62.47502521,529.5153685,5.552084721,26.2304021,26.33274468,35749.26667,182.9336011,128.9333333,0.65976847,542.1333333,2.77416608,14244.93333,72.89315826,110524.6,565.568611,1328.6,6.79861729,7104.733333,36.35583538,5467.466667,27.97773101,1.59E+12,2020/,3/25/20,2020325
3/26/20,6447,37258,122104,6921,385,,,30.5133329,5327,1290,,New York,04000US36,100,1795,18625,190.6539839,0.511712877,1.970094578,95.30652343,624.8218919,9.185246151,35.41564825,32.99012921,41749.2,213.6360327,157.4,0.805436069,699.5333333,3.579602149,14957.86667,76.54132993,125482.4667,642.1099409,1519.066667,7.773259751,8623.8,44.12909513,5999.933333,30.70243151,1.59E+12,2020/,3/26/20,2020326
3/27/20,7377,44635,145753,8732,519,,,30.62372644,6481,1583,,New York,04000US36,134,1811,23649,228.4030429,0.685695256,2.655789834,121.0149784,745.8368703,9.267120211,44.68276846,37.74905897,48329.93333,247.3104926,194.8666667,0.997157827,894.4,4.576759976,15882.4,81.27228606,141364.8667,723.382227,1747.333333,8.941329679,10371.13333,53.07042481,6580.733333,33.6744599,1.59E+12,2020/,3/27/20,2020327
3/28/20,7683,52318,155934,10454,728,,,33.5513743,7328,1755,,New York,04000US36,209,1722,10181,267.7179432,1.069479914,3.725269748,52.09748806,797.9343584,8.81169575,53.49446421,39.31490038,55436.73333,283.6769033,235.3333333,1.204230972,1129.733333,5.780990948,16746.26667,85.69280303,158111.1333,809.07503,1964.733333,10.05379348,12335.86667,63.12421828,7106.8,36.36641078,1.59E+12,2020/,3/28/20,2020328
3/29/20,7195,59513,172360,12695,965,,,34.52831283,8503,2037,,New York,04000US36,237,2241,16426,304.5356848,1.21275952,4.938029268,84.05395726,881.9883157,11.46748558,64.9619498,36.81774154,62881.73333,321.7739271,274.3333333,1.403798994,1404.066667,7.184789942,17122.86667,87.61991373,175234,896.6949437,2050.8,10.49420769,14386.66667,73.61842598,7445,38.09702373,1.59E+12,2020/,3/29/20,2020329
3/30/20,6984,66497,186468,14578,1218,,,35.66134672,9517,2352,,New York,04000US36,253,1883,14108,340.2737121,1.29463358,6.232662848,72.19245276,954.1807684,9.635553483,74.59750328,35.73802736,70583.13333,361.1829826,309.6,1.584263069,1713.666667,8.769053011,17294,88.49562503,192528,985.1905688,2134.866667,10.92438765,16521.53333,84.54281363,7701.4,39.40905555,1.59E+12,2020/,3/30/20,2020330
3/31/20,9298,75795,205186,17085,1550,,,36.93965475,10929,2710,,New York,04000US36,332,2507,18718,387.8527755,1.698886753,7.931549601,95.78241641,1049.963185,12.82864184,87.42614512,47.57906335,78449,401.4336353,358.3333333,1.833637811,2072,10.60269082,17451.26667,89.30037882,209979.2667,1074.490948,2253.8,11.53298483,18775.33333,96.07579846,7865.866667,40.25065266,1.59E+12,2020/,3/31/20,2020331
4/1/20,7917,83712,220880,19929,1941,,,37.89931184,12226,3022,,New York,04000US36,391,2844,15694,428.365084,2.000797351,9.932346952,80.30821899,1130.271404,14.55311424,101.9792594,40.51230851,86692.4,443.6161746,403.8666667,2.066637741,2475.866667,12.66932856,18258.86667,93.43297202,228238.1333,1167.92392,2396.066667,12.26098169,21171.4,108.3367801,8243.4,42.18253934,1.59E+12,2020/,4/1/20,202041
4/2/20,8669,92381,238965,22786,2373,,,38.65879941,13383,3396,,New York,04000US36,432,2857,18085,472.7254734,2.210599631,12.14294658,92.54327389,1222.814678,14.61963691,116.5988963,44.36038935,95300.8,487.666466,452.1333333,2.31362449,2928,14.98295305,19204.66667,98.27275241,247442.8,1266.196672,2515.066667,12.86992001,23686.46667,121.2067002,8608.4,44.05029135,1.59E+12,2020/,4/2/20,202042
4/3/20,10482,102863,260520,26210,2935,,,39.48372486,14810,3731,,New York,04000US36,562,3424,21555,526.3632172,2.875826372,15.01877295,110.2997107,1333.114388,17.52104893,134.1199452,53.63774382,104184.4,533.1249911,497.2666667,2.544577569,3425.266667,17.52753062,19718.73333,100.9032977,267161.5333,1367.09997,2589.8,13.2523401,26276.26667,134.4590403,8883.6,45.45852519,1.59E+12,2020/,4/3/20,202043
4/4/20,10841,113704,283621,29471,3565,,,40.09012027,15905,4126,,New York,04000US36,630,3261,23101,581.8380102,3.223791128,18.24256408,118.2107918,1451.32518,16.68695694,150.8069021,55.47479305,113239.2667,579.4599099,540.5333333,2.765978674,3965.8,20.2935093,19681.8,100.7143051,286843.3333,1467.814275,2637.666667,13.49728,28913.93333,147.9563203,9054.866667,46.33491877,1.59E+12,2020/,4/4/20,202044
4/5/20,8327,122031,302280,32293,4159,,,40.37018658,16479,4376,,New York,04000US36,594,2822,18659,624.4483415,3.039574492,21.28213858,95.48050581,1546.805686,14.4405374,165.2474395,42.61033131,122331,625.9834802,577.1333333,2.953265587,4542.933333,23.24677488,20377.8,104.2758268,307221.1333,1572.090102,2697.666667,13.80430773,31611.6,161.760628,9091.733333,46.52357025,1.59E+12,2020/,4/5/20,202045
4/6/20,8658,130689,320811,34377,4758,,,40.73706949,16837,4504,,New York,04000US36,599,2084,18531,668.7524425,3.065160136,24.34729871,94.82551333,1641.631199,10.66409637,175.9115359,44.30410093,131365.5333,672.2143507,606.0666667,3.10132118,5149,26.34809606,20399.8,104.3884036,327620.9333,1676.478505,2682.733333,13.72789194,34294.33333,175.4885199,9034.533333,46.23087049,1.59E+12,2020/,4/6/20,202046
4/7/20,8174,138863,340058,36932,5489,,,40.83509284,17493,4539,,New York,04000US36,731,2555,19247,710.5798531,3.740621134,28.08791985,98.48937753,1740.120577,13.07426402,188.9857999,41.82741061,140412.9333,718.5110615,641.0666667,3.280420687,5790.066667,29.62851675,20845,106.6665493,348465.9333,1783.145055,2671.666667,13.67126238,36966,189.1597823,9047.4,46.29671088,1.59E+12,2020/,4/7/20,202047
4/8/20,10453,149316,365153,39982,6268,,,40.89135239,18079,4841,,New York,04000US36,779,3050,25095,764.0692002,3.986243316,32.07416316,128.4143466,1868.534924,15.60724276,204.5930427,53.48934708,149611.8667,765.583188,669.0666667,3.423700292,6459.133333,33.05221704,21388.4,109.4471971,369854.3333,1892.592252,2658.866667,13.60576313,39624.86667,202.7655454,9198.933333,47.07212646,1.59E+12,2020/,4/8/20,202048
4/9/20,10621,159937,391549,42852,7067,,,40.84725028,18279,4925,,New York,04000US36,799,2870,26396,818.4182249,4.088585891,36.16274905,135.0717311,2003.606655,14.68615958,219.2792023,54.34902472,158850,812.8559059,683.4,3.497045805,7142.533333,36.54926285,21979.93333,112.4741493,391834.2667,2005.066401,2608.2,13.34649527,42233.06667,216.1120407,9238.133333,47.27271791,1.59E+12,2020/,4/9/20,202049
4/10/20,10575,170512,417885,45768,7844,,,40.80357036,18569,4908,,New York,04000US36,777,2916,26336,872.5318617,3.976009058,40.13875811,134.7647034,2138.371358,14.92154751,234.2007498,54.1136368,168000.7333,859.6813868,696.6,3.564591905,7839.133333,40.11385475,22283.86667,114.0294153,414118.1333,2119.095816,2555.6,13.0773343,44788.66667,229.189375,9150.733333,46.82548085,1.59E+12,2020/,4/10/20,2020410
4/11/20,9946,180458,440980,48297,8627,,,40.92203728,18654,5009,,New York,04000US36,783,2529,23095,923.4268245,4.006711831,44.14546994,118.1800891,2256.551447,12.94121867,247.1419684,50.8949628,176925.3333,905.3497142,695.1333333,3.557086782,8534.266667,43.67094153,22400.8,114.6277783,436518.9333,2233.723595,2459.533333,12.58574879,47248.2,241.7751238,8924.6,45.66832746,1.59E+12,2020/,4/11/20,2020411
4/12/20,8236,188694,461601,50919,9385,,,40.87816101,18707,5198,,New York,04000US36,758,2622,20621,965.5714971,3.878783611,48.02425355,105.5203125,2362.07176,13.41711165,260.5590801,42.14467259,185530.8,949.3849953,686.9333333,3.515126326,9221.2,47.18606786,22262.26667,113.9188854,458781.2,2347.64248,2338.6,11.96691735,49586.8,253.7420411,8605.466667,44.0352811,1.59E+12,2020/,4/12/20,2020412
4/13/20,6337,195031,478357,52936,10056,,,40.77101412,18825,5156,,New York,04000US36,671,2017,16756,997.9987421,3.433593408,51.45784696,85.74260975,2447.814369,10.32124874,270.8803288,32.42724505,193896.2,992.1918244,679.2,3.475553864,9900.4,50.66162172,22105.4,113.1161784,480886.6,2460.758658,2245.066667,11.48829524,51831.86667,265.2303364,8365.4,42.80682905,1.59E+12,2020/,4/13/20,2020413
4/14/20,7177,202208,499143,54653,10834,,,40.51103592,18697,5225,,New York,04000US36,778,1717,20786,1034.724375,3.981126187,55.43897315,106.3646387,2554.179008,8.786110107,279.6664389,36.72563322,201962.9333,1033.470338,671.3333333,3.435299118,10571.73333,54.09692084,21900.93333,112.0698962,502787.5333,2572.828555,2192.933333,11.22152226,54024.8,276.4518586,8066.733333,41.27851326,1.59E+12,2020/,4/14/20,2020414
4/15/20,11571,213779,526012,56968,11586,,,40.64146826,18335,5205,,New York,04000US36,752,2315,26869,1093.934672,3.848080839,59.28705399,137.4921331,2691.671141,11.84615311,291.5125921,59.21029705,209853.1333,1073.845507,654.2,3.347625645,11225.93333,57.44454649,21994.93333,112.5509063,524782.4667,2685.379461,2122.733333,10.86229982,56147.53333,287.3141585,7890.2,40.37516946,1.59E+12,2020/,4/15/20,2020415
4/16/20,8505,222284,550579,59052,12192,,,40.37277121,17735,5071,,New York,04000US36,606,2084,24567,1137.455853,3.100980038,62.38803402,125.7125026,2817.383644,10.66409637,302.1766884,43.52118023,217462.7333,1112.78481,631.4666667,3.23129625,11857.4,60.67584274,22051.13333,112.8384889,546833.6,2798.21795,2013.333333,10.30248593,58160.86667,297.6166444,7609.6,38.93930313,1.59E+12,2020/,4/16/20,2020416
4/17/20,7358,229642,573223,61120,12822,,,40.06154673,17316,5039,,New York,04000US36,630,2068,22644,1175.107686,3.223791128,65.61182515,115.872264,2933.255908,10.58222231,312.7589107,37.65183353,224906.2667,1150.874329,606.3333333,3.102685747,12463.73333,63.77852848,22607.13333,115.6836125,569440.7333,2913.901562,1901.4,9.729708653,60062.26667,307.346353,7443.533333,38.08951861,1.59E+12,2020/,4/17/20,2020417
4/18/20,7090,236732,596532,63103,13362,,,39.68471096,16967,4996,,New York,04000US36,540,1983,23309,1211.388129,2.763249538,68.37507469,119.2751546,3052.531062,10.14726636,322.9061771,36.28044301,232348.3333,1188.956342,583.6666667,2.986697495,13047.4,66.76522598,23978.86667,122.7029486,593419.6,3036.604511,1778.4,9.100301813,61840.66667,316.4466549,7442.066667,38.08201349,1.59E+12,2020/,4/18/20,2020418
4/19/20,6054,242786,617555,64550,13869,,,39.31406919,16213,4878,,New York,04000US36,507,1447,21023,1242.367227,2.594384289,70.96945898,107.5773982,3160.108461,7.404485337,330.3106624,30.9790976,239520.8,1225.658778,555.9333333,2.844782457,13603.33333,69.61000844,24291.33333,124.3018808,617710.9333,3160.906392,1682.866667,8.611445444,63523.53333,325.0581003,7172.466667,36.70243557,1.59E+12,2020/,4/19/20,2020419
4/20/20,4726,247512,633861,65969,14347,,,39.0483087,16103,4814,,New York,04000US36,478,1419,16306,1266.550777,2.445987554,73.41544653,83.4399018,3243.548362,7.261205732,337.5718682,24.18355059,246407.6,1260.89942,527.8666667,2.701161709,14131.2,72.31117014,24299.6,124.3441824,642010.5333,3285.250574,1578.866667,8.079264052,65102.4,333.1373644,6886.8,35.24064245,1.59E+12,2020/,4/20/20,2020420
4/21/20,4178,251690,649325,67271,14828,,,38.76179109,16135,4729,,New York,04000US36,481,1302,15464,1287.930141,2.461338941,75.87678547,79.13127938,3322.679642,6.662501665,344.2343698,21.37936402,253079.2667,1295.039198,505.4666667,2.586538025,14636.66667,74.89770817,24442.46667,125.0752495,666453,3410.325823,1495.066667,7.65044866,66597.46667,340.787813,6671.666667,34.13977748,1.59E+12,2020/,4/21/20,2020421
4/22/20,5526,257216,669982,68773,15302,,,38.39147917,15599,4690,,New York,04000US36,474,1502,20657,1316.207395,2.425519039,78.30230451,105.7045291,3428.384171,7.68592742,351.9202972,28.27725361,259578.1333,1328.294735,478.7333333,2.449740116,15115.4,77.34744828,24889.2,127.3612415,691342.2,3537.687065,1453.133333,7.435870394,68050.6,348.2236834,6498.866667,33.25553762,1.59E+12,2020/,4/22/20,2020422
4/23/20,6244,263460,695920,70182,15740,,,37.85779975,15021,4597,,New York,04000US36,438,1409,25938,1348.158747,2.241302403,80.54360692,132.7280862,3561.112257,7.210034444,359.1303317,31.95135207,265617.6667,1359.199805,449,2.29759082,15564.4,79.6450391,24974.93333,127.79995,716317.1333,3665.487015,1362.133333,6.970211675,69412.73333,355.1938951,6039.533333,30.90506981,1.59E+12,2020/,4/23/20,2020423
4/24/20,8130,271590,730656,71373,16162,,,37.17070687,14258,4540,,New York,04000US36,422,1191,34736,1389.761004,2.159428343,82.70303526,177.7485851,3738.860842,6.094500371,365.2248321,41.60225694,271353,1388.548244,427.8666667,2.189448832,15992.26667,81.83448794,25123.93333,128.5624022,741441.0667,3794.049417,1278.133333,6.540372858,70690.86667,361.7342679,5735.333333,29.34843923,1.59E+12,2020/,4/24/20,2020424
4/25/20,10553,282143,777568,72444,16599,,,36.28531524,13524,4410,,New York,04000US36,437,1071,46912,1443.762064,2.236185275,84.93922054,240.0547451,3978.915587,5.480444918,370.705277,54.00105996,276908.6667,1416.977306,405.8,2.076530857,16398.06667,83.91101879,25723.2,131.6289269,767164.2667,3925.678344,1188.133333,6.079831268,71879,367.8140992,5555.666667,28.42906176,1.59E+12,2020/,4/25/20,2020425
4/26/20,5902,288045,805350,73540,16966,,,35.76643695,12839,4284,,New York,04000US36,367,1096,27782,1473.963358,1.87798626,86.8172068,142.1640716,4121.079659,5.608373137,376.3136501,30.20129403,282220.8667,1444.160518,388.4666667,1.987833958,16786.53333,85.89885275,25958.6,132.833499,793122.8667,4058.511843,1111,5.685130069,72990,373.4992293,5312.2,27.18321148,1.59E+12,2020/,4/26/20,2020426
4/27/20,3951,291996,826095,74602,17303,,,35.34654005,12819,4157,,New York,04000US36,337,1062,20745,1494.181134,1.724472397,88.54167919,106.1548364,4227.234495,5.434390759,381.7480409,20.21777579,287298.6667,1470.144274,369.7333333,1.891973079,17156.26667,87.79082583,25983.66667,132.9617684,819106.5333,4191.473611,1055.066667,5.398911999,74045.06667,378.8981413,5077.8,25.98375649,1.59E+12,2020/,4/27/20,2020427
4/28/20,3110,295106,844994,75362,17638,,,34.92403496,12646,4071,,New York,04000US36,335,760,18899,1510.095404,1.71423814,90.25591733,96.70861672,4323.943112,3.889017869,385.6370587,15.91427049,292210.6667,1495.279611,353.2,1.807369883,17509.46667,89.59819571,26335.86667,134.7640211,845442.4,4326.237633,996.6,5.099730537,75041.66667,383.9978718,4912,25.13533654,1.59E+12,2020/,4/28/20,2020428
4/29/20,4585,299691,872481,76450,18015,,,34.34928669,12159,3923,,New York,04000US36,377,1088,27487,1533.55744,1.929157548,92.18507488,140.6545186,4464.597631,5.567436107,391.2044948,23.46203543,297029.8667,1519.940078,336.6,1.722425546,17846.06667,91.32062126,27106.4,138.7069394,872548.8,4464.944572,953.2666667,4.87798829,75994.93333,388.8758601,4819.2,24.66046699,1.59E+12,2020/,4/29/20,2020429
4/30/20,4681,304372,900636,77400,18321,,,33.79522915,11598,3769,,New York,04000US36,306,950,28155,1557.510719,1.565841405,93.75091629,144.0727607,4608.670391,4.861272336,396.0657672,23.9532798,301725.4,1543.967726,368.4,1.885150241,18214.46667,93.2057715,27995.6,143.2570903,900544.4,4608.201662,894.9333333,4.579489112,76889.86667,393.4553492,4695.533333,24.02764873,1.59E+12,2020/,4/30/20,2020430
5/1/20,3942,308314,927438,78224,18610,,,33.24362383,10993,3640,,New York,04000US36,289,824,26802,1577.682441,1.478850216,95.2297665,137.1492854,4745.819677,4.216514111,400.2822813,20.17172163,306188.5333,1566.806154,353.6666667,1.809757877,18568.13333,95.01552938,28374.86667,145.1978467,928919.2667,4753.399509,836.5333333,4.280648791,77726.4,397.735998,4463.133333,22.83842801,1.59E+12,2020/,5/1/20,202051
5/2/20,4663,312977,959071,78942,18909,,,32.6333504,10350,3501,,New York,04000US36,299,718,31633,1601.543613,1.530021504,96.75978801,161.8701345,4907.689811,3.67409846,403.9563798,23.86117148,310290.6667,1587.797299,340.6,1.742894061,18908.73333,96.75842344,28207.46667,144.3412393,957126.7333,4897.740748,794.1333333,4.063682531,78520.53333,401.7996805,4102.133333,20.99114452,1.59E+12,2020/,5/2/20,202052
5/3/20,3438,316415,985911,79768,19189,,,32.09366768,9786,3430,,New York,04000US36,280,826,26840,1619.136301,1.432796057,98.19258406,137.3437363,5045.033548,4.226748368,408.1831281,17.59268873,313840.8,1605.963788,325.2666667,1.66443142,19234,98.42285486,27028.66667,138.3091679,984155.4,5036.049916,754.4666667,3.86070309,79275,405.6603836,3550.133333,18.16648943,1.59E+12,2020/,5/3/20,202053
5/4/20,2538,318953,1007310,80376,19415,,,31.66383735,9647,3330,,New York,04000US36,226,608,21399,1632.123574,1.156471103,99.34905517,109.5014387,5154.534986,3.111214295,411.2943424,12.98727283,317108.1333,1622.683154,311.6,1.594497326,19545.6,100.0173522,26620.06667,136.2183091,1010775.467,5172.268225,710.2666667,3.634525998,79985.26667,409.2949096,3267.333333,16.71936542,1.59E+12,2020/,5/4/20,202054
5/5/20,2239,321192,1028899,80918,19645,,,31.21705823,9600,3281,,New York,04000US36,230,542,21589,1643.580825,1.176939618,100.5259948,110.4736931,5265.008679,2.773483796,414.0678262,11.45725133,320207.4,1638.5425,302.8,1.549466593,19848.4,101.5668188,26601.2,136.121766,1037376.667,5308.389991,659.1333333,3.372870147,80644.4,412.6677798,3099.266667,15.85934664,1.59E+12,2020/,5/5/20,202055
5/6/20,2786,323978,1055921,81570,19877,,,30.68203019,9179,3098,,New York,04000US36,232,652,27022,1657.837146,1.187173876,101.7131687,138.2750538,5403.283733,3.336367961,417.4041942,14.25632077,323244.4,1654.083221,291.6666667,1.492495893,20140.06667,103.0593147,27594.2,141.2030748,1064970.867,5449.593066,643.0666667,3.290654944,81287.46667,415.9584347,3037,15.54072009,1.59E+12,2020/,5/6/20,202056
5/7/20,3671,327649,1089916,82197,20828,,,30.06185798,8665,2976,2425,New York,04000US36,951,627,33995,1676.622126,4.866389465,106.5795581,173.9567927,5577.240526,3.208439742,420.6126339,18.78497973,326135.0667,1668.875134,277,1.417444671,20417.06667,104.4767593,28418.4,145.4206124,1093389.267,5595.013679,600.2666667,3.071641833,81887.73333,419.0300766,2890.666667,14.79191358,1.59E+12,2020/,5/7/20,202057
5/8/20,2758,330407,1121543,82730,21045,,,29.46003854,8196,2811,2295,New York,04000US36,217,533,31627,1690.735167,1.110416944,107.6899751,161.8394318,5739.079958,2.727429637,423.3400636,14.11304116,328897.8,1683.012396,265.5333333,1.358768261,20682.6,105.8355276,29160.8,149.2195688,1122550.067,5744.233247,558.8,2.859451559,82446.53333,421.8895281,2762.733333,14.13726224,1.59E+12,2020/,5/8/20,202058
5/9/20,2715,333122,1153768,83285,21271,,,28.87252897,7776,2664,2203,New York,04000US36,226,555,32225,1704.628172,1.156471103,108.8464462,164.8994748,5903.979432,2.84000647,426.18007,13.89300462,331559,1696.630099,257.8666667,1.31953694,20940.46667,107.1550645,30085.26667,153.9501838,1152635.333,5898.183431,532.2,2.723335934,82978.73333,424.612864,2661.2,13.6177031,1.59E+12,2020/,5/9/20,202059
5/10/20,2273,335395,1182998,83761,21478,,,28.35127363,7262,2488,2073,New York,04000US36,207,476,29230,1716.259405,1.059245656,109.9056918,149.5736741,6053.553107,2.435753297,428.6158233,11.63123371,334035.2667,1709.301475,247.3333333,1.265636517,21187.8,108.4207011,30288.33333,154.989302,1182923.667,6053.172733,508.8666667,2.603936263,83487.6,427.2168003,2476.266667,12.67137541,1.59E+12,2020/,5/10/20,2020510
5/11/20,1660,337055,1204651,84194,21640,,,27.97947289,7226,2450,2020,New York,04000US36,162,433,21653,1724.753839,0.828974862,110.7346667,110.8011894,6164.354296,2.21571676,430.8315401,8.494433766,336365.6667,1721.226432,236,1.207642391,21423.8,109.6283434,30243.06667,154.7576667,1213166.733,6207.9304,475.5333333,2.433365303,83963.13333,429.6501656,2330.4,11.9249569,1.59E+12,2020/,5/11/20,2020511
5/12/20,1430,338485,1225113,84489,21845,,,27.62887995,7063,2375,1964,New York,04000US36,205,295,20462,1732.071333,1.049011399,111.7836781,104.706689,6269.060985,1.509552989,432.3410931,7.317494148,338625.1333,1732.788414,228.5333333,1.169434496,21652.33333,110.7977779,30695.26667,157.0716323,1243862,6365.002032,452.8666667,2.317377051,84416,431.9675427,2259.466667,11.5619819,1.59E+12,2020/,5/12/20,2020512
5/13/20,2176,340661,1258907,85008,22013,,,27.06006083,6946,2308,1908,New York,04000US36,168,519,33794,1743.206206,0.859677634,112.6433557,172.9282498,6441.989235,2.655789834,434.9968829,11.13487221,340837,1744.10682,222.0666667,1.13634373,21874.4,111.9341217,31795.8,162.7032031,1275657.8,6527.705235,436.0666667,2.231409288,84852.06667,434.198952,2211.866667,11.31840657,1.59E+12,2020/,5/13/20,2020513
5/14/20,2390,343051,1298757,85454,22170,,,26.41379411,6706,2223,1846,New York,04000US36,157,446,39850,1755.436143,0.803389218,113.4467449,203.9175817,6645.906816,2.282239434,437.2791223,12.22993777,343002.3333,1755.18711,213.7333333,1.09370099,22088.13333,113.0278227,33275.6,170.2755303,1308933.4,6697.980766,404.5333333,2.07004916,85256.6,436.2690011,2165.333333,11.08028951,1.59E+12,2020/,5/14/20,2020514
5/15/20,2762,345813,1338048,85782,22304,,,25.84458853,6394,2156,1774,New York,04000US36,134,328,39291,1769.569653,0.685695256,114.1324402,201.0571067,6846.963923,1.678418238,438.9575406,14.13350968,345036,1765.593644,157.8,0.807482921,22245.93333,113.8353056,34058.46667,174.2815598,1342991.867,6872.262325,376.4,1.926087271,85633,438.1950884,2033.666667,10.40653422,1.59E+12,2020/,5/15/20,2020515
5/16/20,2419,348232,1378717,86207,22478,,,25.25768522,6220,2077,1674,New York,04000US36,174,425,40669,1781.947988,0.890380407,115.0228206,208.1085101,7055.072433,2.174779729,441.1323203,12.37833451,347003.9333,1775.663812,149.1333333,0.763134471,22395.06667,114.5984401,35367.86667,180.9819282,1378359.733,7053.244254,356.8666667,1.826132689,85989.86667,440.0212211,1967.933333,10.07016829,1.59E+12,2020/,5/16/20,2020516
5/17/20,1889,350121,1413396,86575,22619,,,24.7716139,5897,1981,1601,New York,04000US36,141,368,34679,1791.614244,0.721515157,115.7443358,177.4569088,7232.529342,1.883103389,443.0154237,9.666256256,348896.8,1785.349855,141.3333333,0.723220867,22536.4,115.3216609,36403.86667,186.2832736,1414763.6,7239.527527,335.9333333,1.719014126,86325.8,441.7402352,1892.866667,9.686042487,1.59E+12,2020/,5/17/20,2020517
5/18/20,1250,351371,1439557,86901,22729,,,24.40827282,5840,1908,1538,New York,04000US36,110,326,26161,1798.010655,0.562884165,116.3072199,133.8692059,7366.398548,1.668183981,444.6836077,6.396410969,350721.4,1794.686568,134,0.685695256,22670.4,116.0073562,37096.73333,189.8287616,1451860.333,7429.356289,319.5333333,1.635093215,86645.33333,443.3753284,1824.6,9.336713163,1.59E+12,2020/,5/18/20,2020518
5/19/20,1474,352845,1467739,87169,22843,,,24.04003709,5818,1836,1481,New York,04000US36,114,268,28182,1805.553303,0.58335268,116.8905726,144.2109231,7510.609471,1.371390512,446.0549982,7.542647814,352506.8,1803.82269,128.2666667,0.656357051,22798.66667,116.6637132,37965.13333,194.2724762,1489825.467,7623.628765,299.4666667,1.532409497,86944.8,444.9077379,1785.4,9.136121715,1.59E+12,2020/,5/19/20,2020519
5/20/20,1525,354370,1505836,87459,22976,,,23.53310719,5570,1761,1421,New York,04000US36,133,290,38097,1813.356924,0.680578127,117.5711507,194.9472549,7705.556726,1.483967345,447.5389655,7.803621382,354272.1333,1812.856128,119.8666667,0.613373169,22918.53333,117.2770864,39095.4,200.0561963,1528920.867,7823.684961,291.8,1.493178177,87236.6,446.4009161,1765.333333,9.033437997,1.59E+12,2020/,5/20/20,2020520
5/21/20,2088,356458,1555055,87638,23083,,,22.92253329,5187,1695,1345,New York,04000US36,107,179,49219,1824.041489,0.547532779,118.1186835,251.8599612,7957.416687,0.915966051,448.4549316,10.68456488,356010.2667,1821.75038,113.9333333,0.583011538,23032.46667,117.8600979,41192.13333,210.7854508,1570113,8034.470412,268.9333333,1.376166499,87505.53333,447.7770826,1738.133333,8.894252095,1.59E+12,2020/,5/21/20,2020521
5/22/20,1696,358154,1600793,87843,23195,,,22.37353612,4844,1581,1254,New York,04000US36,112,205,45738,1832.720139,0.573118423,118.6918019,234.0472359,8191.463923,1.049011399,449.503943,8.678650402,357692.4667,1830.358414,107.3333333,0.549238489,23139.8,118.4093364,43024.86667,220.1637833,1613137.867,8254.634195,249.3333333,1.275870775,87754.86667,449.0529534,1682.2,8.608034025,1.59E+12,2020/,5/22/20,2020522
5/23/20,1772,359926,1652061,88083,23282,,,21.78648367,4642,1502,1254,New York,04000US36,87,240,51268,1841.787691,0.445190203,119.1369921,262.344958,8453.808881,1.228110906,450.7320539,9.067552189,359282.2667,1838.493625,102.9333333,0.526723122,23242.73333,118.9360595,44488.86667,227.6552598,1657626.733,8482.289455,241.2,1.234251461,87996.06667,450.2872048,1589.8,8.135211326,1.59E+12,2020/,5/23/20,2020523
5/24/20,1589,361515,1699826,88324,23391,,,21.26776505,4393,1406,1067,New York,04000US36,109,241,47765,1849.918809,0.557767036,119.6947592,244.4196559,8698.228537,1.233228035,451.9652819,8.131117623,360784.8,1846.182282,95.13333333,0.486809517,23337.86667,119.4228691,45673.86667,233.7190574,1703300.6,8716.008513,225.5333333,1.15408311,88221.6,451.4412879,1502.533333,7.688656555,1.59E+12,2020/,5/24/20,2020524
5/25/20,1249,362764,1739449,88554,23488,,,20.85510987,4348,1366,1058,New York,04000US36,97,230,39623,1856.310103,0.496361491,120.1911207,202.7559934,8900.98453,1.176939618,453.1422215,6.39129384,362224.1333,1853.547536,89.33333333,0.457130171,23427.2,119.8799992,46692.06667,238.9293179,1749992.667,8954.937831,208.5333333,1.067091921,88430.13333,452.5083799,1439.333333,7.365254017,1.59E+12,2020/,5/25/20,2020525
5/26/20,1072,363836,1774128,88686,23564,,,20.50787767,4265,1273,1002,New York,04000US36,76,132,34679,1861.795665,0.388901787,120.5800225,177.4569088,9078.441439,0.675460998,453.8176825,5.485562047,363668.7333,1860.93974,86.26666667,0.441437642,23513.46667,120.3214369,48551.6,248.4447894,1798544.267,9203.38262,197.3333333,1.009780078,88627.46667,453.5181599,1444.6,7.392204228,1.59E+12,2020/,5/26/20,2020526
5/27/20,1129,364965,1811544,88866,23643,,,20.1466263,4208,1261,988,New York,04000US36,79,180,37416,1867.572903,0.404253173,120.9842756,191.4624902,9269.903929,0.921083179,454.7387657,5.777238387,365084.7333,1868.185594,82.4,0.421651411,23595.86667,120.7430883,50782.26667,259.859398,1849326.533,9463.242018,188.4,0.964067061,88815.86667,454.482227,1416,7.245854345,1.59E+12,2020/,5/27/20,2020527
5/28/20,1768,366733,1876789,89042,23722,,,19.54044914,4010,1219,931,New York,04000US36,79,176,65245,1876.619987,0.404253173,121.3885288,333.8670669,9603.770996,0.900614664,455.6393804,9.047083674,366468.9333,1875.268724,77.13333333,0.3947012,23673,121.1377895,52479.73333,268.5455535,1901806.267,9731.787572,169.0666667,0.865135905,88984.93333,455.3473629,1384.2,7.08312965,1.59E+12,2020/,5/28/20,2020528
5/29/20,1551,368284,1944130,89194,23780,,,18.94338342,3781,1164,889,New York,04000US36,58,152,67341,1884.556654,0.296793469,121.6853223,344.5925688,9948.363565,0.777803574,456.417184,7.93666673,367785.6,1882.006277,72.8,0.372526975,23745.8,121.5103165,53630.46667,274.4340042,1955436.733,10006.22158,157.1333333,0.804071502,89142.06667,456.1514344,1316.666667,6.737552887,1.59E+12,2020/,5/29/20,2020529
5/30/20,1376,369660,2005381,89400,23848,,,18.43340492,3619,1124,857,New York,04000US36,68,206,61251,1891.597823,0.347964757,122.033287,313.4292546,10261.79282,1.054128528,457.4713125,7.041169194,369063.0667,1888.543238,67.8,0.346941331,23813.6,121.8572578,55774.26667,285.4041049,2011211,10291.62568,143.4666667,0.734137408,89285.53333,456.8855718,1277.466667,6.536961439,1.59E+12,2020/,5/30/20,2020530
5/31/20,1110,370770,2063825,89590,23905,,,17.965186,3436,1050,791,New York,04000US36,57,190,58444,1897.277836,0.29167634,122.3249634,299.0654741,10560.85829,0.972254467,458.4435669,5.68001294,370274.4667,1894.742128,65.13333333,0.333295654,23878.73333,122.1905534,56385.4,288.5313528,2067596.4,10580.15703,127.4666667,0.652263348,89413,457.5378352,1211.4,6.198889798,1.59E+12,2020/,5/31/20,2020531
6/1/20,941,371711,2113777,89703,23959,,,17.58515681,3331,999,746,New York,04000US36,54,113,49952,1902.093054,0.276324954,122.6012883,255.6108166,10816.46911,0.578235552,459.0218025,4.815218177,371426.7333,1900.638425,60.53333333,0.309756862,23939.26667,122.5003103,57071.33333,292.041362,2124667.733,10872.1984,111.4,0.570048146,89524.4,458.1078833,1152.266667,5.896296916,1.59E+12,2020/,6/1/20,202061
6/2/20,1329,373040,2167831,89861,24023,,,17.20798346,3121,907,673,New York,04000US36,64,158,54054,1908.893718,0.327496242,122.9287846,276.6012788,11093.07039,0.808506346,459.8303088,6.800664142,372541.2667,1906.341636,57.33333333,0.29338205,23996.6,122.7936924,57761.33333,295.5721809,2182429.067,11167.77058,96.06666667,0.491585504,89620.46667,458.5994688,1114.533333,5.703210591,1.59E+12,2020/,6/2/20,202062
6/3/20,1045,374085,2229473,89995,24079,,,16.77907739,2978,865,638,New York,04000US36,56,134,61642,1914.241118,0.286559211,123.2153438,315.4300519,11408.50044,0.685695256,460.5160041,5.34739957,373629.2667,1911.909072,56,0.286559211,24052.6,123.0802516,59602.53333,304.9938384,2242031.6,11472.76441,87.26666667,0.446554771,89707.73333,459.0460236,1088,5.567436107,1.59E+12,2020/,6/3/20,202063
6/4/20,1048,375133,2293032,89995,24133,,,16.35969319,2849,832,613,New York,04000US36,54,0,63559,1919.603869,0.276324954,123.4916687,325.2395878,11733.74003,,460.5160041,5.362750956,374691.0667,1917.342439,53.26666667,0.272572393,24105.86667,123.352824,61164.06667,312.9844055,2303195.667,11785.74882,75.26666667,0.385149226,89783,459.4311728,1061.8,5.433367333,1.59E+12,2020/,6/4/20,202064
6/5/20,1075,376208,2359512,89995,24175,,,15.94431391,2728,758,583,New York,04000US36,42,0,66480,1925.104782,0.214919409,123.7065881,340.186721,12073.92675,,460.5160041,5.500913433,375689.8,1922.453086,51.53333333,0.263702703,24157.4,123.6165267,61640.73333,315.4235702,2364836.4,12101.17239,63.53333333,0.325108248,89846.53333,459.756281,998.7333333,5.110647079,1.59E+12,2020/,6/5/20,202065
6/6/20,1108,377316,2437407,89995,24212,,,15.4802214,2603,720,554,New York,04000US36,37,0,77895,1930.774561,0.189333765,123.8959219,398.5987459,12472.5255,,460.5160041,5.669778683,376646.2,1927.347108,49.8,0.254833013,24207.2,123.8713597,61874,316.6172258,2426710.4,12417.78962,53.4,0.273254677,89899.93333,460.0295357,956.4,4.89402196,1.59E+12,2020/,6/6/20,202066
6/7/20,781,378097,2497842,89995,24259,,,15.13694621,2427,704,534,New York,04000US36,47,0,60435,1934.771038,0.240505052,124.136427,309.2536775,12781.77917,,460.5160041,3.996477573,377557.1333,1932.008471,46.86666667,0.239822769,24254.06667,124.1111824,61947.86667,316.9952111,2488658.267,12734.78483,39.66666667,0.202979441,89939.6,460.2325152,910.9333333,4.661363172,1.59E+12,2020/,6/7/20,202067
6/8/20,702,378799,2555896,89995,24299,,,14.8205952,2371,678,507,New York,04000US36,40,0,58054,1938.363263,0.204685151,124.3411121,297.0697939,13078.84897,,460.5160041,3.5922244,378435.4,1936.502675,44.93333333,0.229929653,24299,124.3411121,61825.66667,316.3698979,2550483.933,13051.15473,27,0.138162477,89966.6,460.3706776,878.2666667,4.494203632,1.59E+12,2020/,6/8/20,202068
6/9/20,683,379482,2605869,89995,24348,,,14.56258929,2344,663,485,New York,04000US36,49,0,49973,1941.858262,0.25073931,124.5918514,255.7182763,13334.56724,,460.5160041,3.494998953,379293,1940.891124,43.26666667,0.221401105,24342.26667,124.5625132,62533.4,319.9914605,2613017.333,13371.14619,19.46666667,0.09961344,89986.06667,460.4702911,857.6,4.388449637,1.59E+12,2020/,6/9/20,202069
6/10/20,674,380156,2668166,89995,24404,,,14.24783915,2190,630,462,New York,04000US36,56,0,62297,1945.307207,0.286559211,124.8784106,318.7817713,13653.34901,,460.5160041,3.448944794,380099.8,1945.019624,40.4,0.206732003,24382.66667,124.7692452,62885.86667,321.7950779,2675903.2,13692.94126,8.933333333,0.045713017,89995,460.5160041,806.8,4.128499496,1.59E+12,2020/,6/10/20,2020610
6/11/20,736,380892,2729005,89995,24442,,,13.95717487,2042,581,424,New York,04000US36,38,0,60839,1949.073413,0.194450893,125.0728615,311.3209975,13964.67001,,460.5160041,3.766206778,380878.1333,1949.002456,38.8,0.198544596,24421.46667,124.9677898,63345.8,324.148616,2739249,14017.08988,0,0,89995,460.5160041,778.3333333,3.982831897,1.59E+12,2020/,6/11/20,2020611
6/12/20,822,381714,2801400,89995,24495,,,13.62582994,1898,552,387,New York,04000US36,53,0,72395,1953.279693,0.271207825,125.3440693,370.4545377,14335.12455,,460.5160041,4.206279853,381639.6667,1952.89932,36.86666667,0.188651481,24458.33333,125.1564413,64395.4,329.5195543,2803644.4,14346.60943,0,0,89995,460.5160041,761.5333333,3.896864133,1.59E+12,2020/,6/12/20,2020612
6/13/20,916,382630,2872240,89995,24527,,,13.32165836,1734,517,360,New York,04000US36,32,0,70840,1957.966983,0.163748121,125.5078175,362.4974024,14697.62195,,460.5160041,4.687289958,382377.2667,1956.673714,35.66666667,0.182510926,24494,125.3389522,64552.06667,330.3212378,2868196.467,14676.93067,0,0,89995,460.5160041,737.6,3.774394184,1.59E+12,2020/,6/13/20,2020613
6/14/20,694,383324,2934599,89995,24551,,,13.06222758,1657,499,346,New York,04000US36,24,0,62359,1961.518271,0.122811091,125.6306286,319.0990333,15016.72099,,460.5160041,3.55128737,383085.2667,1960.296641,34.2,0.175005804,24528.2,125.513958,63860.8,326.7839373,2932057.267,15003.71461,0,0,89995,460.5160041,708,3.622927173,1.59E+12,2020/,6/14/20,2020614
6/15/20,620,383944,2991210,89995,24579,,,12.83574206,1608,470,323,New York,04000US36,28,0,56611,1964.69089,0.143279606,125.7739082,289.6857771,15306.40676,,460.5160041,3.17261984,383778,1963.841447,32,0.163748121,24560.2,125.6777061,63617.13333,325.5370636,2995674.4,15329.25167,0,0,89995,460.5160041,692.7333333,3.544805673,1.59E+12,2020/,6/15/20,2020615
6/16/20,631,384575,3051778,89995,24608,,,12.60167024,1538,449,303,New York,04000US36,29,0,60568,1967.919799,0.148396734,125.9223049,309.9342556,15616.34102,,460.5160041,3.228908257,384463.7333,1967.350433,31.13333333,0.159313276,24591.33333,125.8370194,62994.13333,322.3490923,3058668.533,15651.60076,0,0,89995,460.5160041,685.7333333,3.508985772,1.59E+12,2020/,6/16/20,2020616
6/17/20,567,385142,3111119,89995,24629,,,12.37953289,1479,431,304,New York,04000US36,21,0,59341,1970.821211,0.107459704,126.0297646,303.6555386,15919.99656,,460.5160041,2.901412015,385142.6667,1970.824622,28.93333333,0.148055593,24620.26667,125.985075,63072.2,322.7485695,3121740.733,15974.34933,0,0,89995,460.5160041,678.9333333,3.474189296,1.59E+12,2020/,6/17/20,2020617
6/18/20,618,385760,3179660,89995,24661,,,12.13211475,1358,388,278,New York,04000US36,32,0,68541,1973.983596,0.163748121,126.1935127,350.7331234,16270.72968,,460.5160041,3.162385583,385826.6,1974.324397,26.4,0.1350922,24646.66667,126.1201672,63428.53333,324.5719731,3185169.267,16298.92131,0,0,89995,460.5160041,683.9333333,3.49977494,1.59E+12,2020/,6/18/20,2020618
6/19/20,796,386556,3258963,89995,24686,,,11.86131908,1284,359,256,New York,04000US36,25,0,79303,1978.056831,0.127928219,126.3214409,405.8036632,16676.53334,,460.5160041,4.073234505,386515.1333,1977.847711,24.8,0.126904794,24671.46667,126.247072,63487.46667,324.8735425,3248656.733,16623.79485,0,0,89995,460.5160041,688.5333333,3.523313733,1.59E+12,2020/,6/19/20,2020619
6/20/20,716,387272,3327793,89995,24710,,,11.63750269,1220,335,237,New York,04000US36,24,0,68830,1981.720695,0.122811091,126.444252,352.2119736,17028.74532,,460.5160041,3.663864203,387195.7333,1981.330429,22.33333333,0.114282543,24693.8,126.3613545,63545.26667,325.1693126,3312202,16948.96416,0,0,89995,460.5160041,680.6,3.482717844,1.59E+12,2020/,6/20/20,2020620
6/21/20,664,387936,3395319,89995,24725,,,11.42561273,1142,332,237,New York,04000US36,15,0,67526,1985.118468,0.076756932,126.521009,345.5392377,17374.28456,,460.5160041,3.397773507,387856.3333,1984.710804,20.53333333,0.105071711,24714.33333,126.4664263,62949.66667,322.1215507,3375151.667,17271.08571,0,0,89995,460.5160041,660.6,3.380375269,1.59E+12,2020/,6/21/20,2020621
6/22/20,552,388488,3452099,89995,24739,,,11.25367494,1122,330,228,New York,04000US36,14,0,56780,1987.943124,0.071639803,126.5926488,290.5505718,17664.83513,,460.5160041,2.824655084,388496.7333,1987.987813,19.4,0.099272298,24733.73333,126.5656986,61887.6,316.6868188,3437039.267,17587.77253,0,0,89995,460.5160041,640.4,3.277009267,1.59E+12,2020/,6/22/20,2020622
6/23/20,597,389085,3500808,89995,24766,,,11.11414851,1104,302,228,New York,04000US36,27,0,48709,1990.998049,0.138162477,126.7308112,249.2502255,17914.08535,,460.5160041,3.054925879,389130.7333,1991.232073,18.4,0.094155169,24752.13333,126.6598537,61581.86667,315.1223419,3498621.133,17902.89487,0,0,89995,460.5160041,634,3.244259643,1.59E+12,2020/,6/23/20,2020623
6/24/20,581,389666,3551952,89995,24782,,,10.97047483,1071,290,228,New York,04000US36,16,0,51144,1993.971101,0.08187406,126.8126853,261.7104341,18175.79579,,460.5160041,2.973051818,389764.3333,1994.474286,17.2,0.088014615,24769.33333,126.7478683,61324.66667,313.8062164,3559945.8,18216.70109,0,0,89995,460.5160041,633.6,3.242212792,1.59E+12,2020/,6/24/20,2020624
6/25/20,749,390415,3619594,89995,24800,,,10.78615447,996,270,167,New York,04000US36,18,0,67642,1997.803831,0.092108318,126.9047936,346.1328246,18521.92861,,460.5160041,3.832729452,390418.4667,1997.82157,16.53333333,0.084603196,24785.86667,126.8324715,62031.6,317.4236853,3621977.4,18534.12478,0,0,89995,460.5160041,654.1333333,3.347284503,1.59E+12,2020/,6/25/20,2020625
6/26/20,805,391220,3681317,89995,24814,,,10.627175,951,244,167,New York,04000US36,14,0,61723,2001.923119,0.071639803,126.9764334,315.8445394,18837.77315,,460.5160041,4.119288664,391092.6,2001.271197,14.93333333,0.07641579,24800.8,126.9088873,61888.33333,316.6905713,3683865.733,18850.81535,0,0,89995,460.5160041,674.1333333,3.449627078,1.59E+12,2020/,6/26/20,2020626
6/27/20,703,391923,3754579,89995,24830,,,10.43853385,908,230,167,New York,04000US36,16,0,73262,2005.520461,0.08187406,127.0583075,374.8910883,19212.66424,,460.5160041,3.597341529,391762.0667,2004.696944,14,0.071639803,24814.8,126.9805271,60761.66667,310.9252729,3744627.4,19161.74062,0,0,89995,460.5160041,669.4666667,3.425747144,1.59E+12,2020/,6/27/20,2020627
6/28/20,616,392539,3816485,89995,24835,,,10.28535419,869,229,167,New York,04000US36,5,0,61906,2008.672612,0.025585644,127.0838931,316.7809739,19529.44521,,460.5160041,3.152151325,392419.3333,2008.060262,12.93333333,0.066181532,24827.73333,127.0467087,60400.66667,309.0779894,3805028.067,19470.81861,0,0,89995,460.5160041,657.2666667,3.363318173,1.59E+12,2020/,6/28/20,2020628
6/29/20,391,392930,3862913,89995,24842,,,10.17185735,853,216,136,New York,04000US36,7,0,46428,2010.67341,0.035819901,127.119713,237.5780548,19767.02327,,460.5160041,2.000797351,393066.8667,2011.373774,12.53333333,0.064134681,24840.26667,127.1108433,59520.8,304.5755984,3864548.867,19775.39421,0,0,89995,460.5160041,647.5333333,3.313511453,1.59E+12,2020/,6/29/20,2020629
6/30/20,524,393454,3914938,89995,24855,,,10.05006976,891,217,137,New York,04000US36,13,0,52025,2013.354785,0.066522674,127.1862357,266.2186245,20033.24189,,460.5160041,2.681375478,393716.8,2014.699566,12.33333333,0.063111255,24852.6,127.1739546,59517.86667,304.5605881,3924066.733,20079.9548,0,0,89995,460.5160041,649.9333333,3.325792562,1.59E+12,2020/,6/30/20,2020630
7/1/20,625,394079,3971648,89995,24866,,,9.922304293,879,226,139,New York,04000US36,11,0,56710,2016.552991,0.056288417,127.2425241,290.1923728,20323.43426,,460.5160041,3.198205484,394373.0667,2018.057768,11.86666667,0.060723261,24864.46667,127.2346779,60109.6,307.5885638,3984176.333,20387.54336,0,0,89995,460.5160041,656.2666667,3.358201044,1.59E+12,2020/,7/1/20,202071
7/2/20,875,394954,4041593,89995,24877,,,9.772235849,878,209,129,New York,04000US36,11,0,69945,2021.030478,0.056288417,127.2988125,357.9175722,20681.35184,,460.5160041,4.477487678,395029.5333,2021.416992,11.8,0.06038212,24876.26667,127.29506,61070.93333,312.5078303,4045247.267,20700.05119,0,0,89995,460.5160041,656.4666667,3.35922447,1.59E+12,2020/,7/2/20,202072
7/3/20,918,395872,4107985,89995,24885,,,9.636646677,857,188,125,New York,04000US36,8,0,66392,2025.728002,0.04093703,127.3397496,339.7364136,21021.08825,,460.5160041,4.697524215,395688.4667,2024.788839,11.2,0.057311842,24887.46667,127.3523718,61465.33333,314.5260259,4106712.6,21014.57722,0,0,89995,460.5160041,658.9333333,3.371846721,1.59E+12,2020/,7/3/20,202073
7/4/20,726,396598,4170388,89995,24896,,,9.509858555,844,190,119,New York,04000US36,11,0,62403,2029.443038,0.056288417,127.396038,319.3241869,21340.41244,,460.5160041,3.715035491,396342.4,2028.1351,10.66666667,0.054582707,24898.13333,127.4069545,61964,317.0777674,4168676.6,21331.65498,0,0,89995,460.5160041,653.9333333,3.346261077,1.59E+12,2020/,7/4/20,202074
7/5/20,533,397131,4233803,89995,24904,,,9.38000658,832,178,116,New York,04000US36,8,0,63415,2032.170468,0.04093703,127.436975,324.5027213,21664.91516,,460.5160041,2.727429637,396994.6,2031.472491,9.933333333,0.050830146,24908.06667,127.4577847,61241.06667,313.3784244,4229917.667,21645.03341,0,0,89995,460.5160041,652.2,3.337391387,1.59E+12,2020/,7/5/20,202075
7/6/20,518,397649,4288131,89995,24913,,,9.273247482,817,170,103,New York,04000US36,9,0,54328,2034.82114,0.046054159,127.4830292,278.0033721,21942.91853,,460.5160041,2.650672705,397642.8667,2034.789755,10.26666667,0.052535855,24918.33333,127.5103205,60559.8,309.8922952,4290477.467,21954.9257,0,0,89995,460.5160041,648.2666667,3.317264014,1.59E+12,2020/,7/6/20,202076
7/7/20,588,398237,4344867,89995,24924,,,9.165689076,836,160,103,New York,04000US36,11,0,56736,2037.830012,0.056288417,127.5393176,290.3254182,22233.24395,,460.5160041,3.00887172,398325.8667,2038.284754,10.13333333,0.051853572,24928.46667,127.5621741,61467.6,314.5376247,4351945.067,22269.46333,0,0,89995,460.5160041,683,3.494998953,1.59E+12,2020/,7/7/20,202077
7/8/20,692,398929,4402452,89995,24944,,,9.061518445,841,166,97,New York,04000US36,20,0,57585,2041.371065,0.102342575,127.6416602,294.6698605,22527.91381,,460.5160041,3.541053112,399029.3333,2041.884484,9.866666667,0.050489004,24938.33333,127.6126631,62239.13333,318.4856601,4414184.2,22587.94899,0,0,89995,460.5160041,703.4666667,3.599729522,1.59E+12,2020/,7/8/20,202078
7/9/20,584,399513,4468016,89995,24959,,,8.941619726,851,173,98,New York,04000US36,15,0,65564,2044.359468,0.076756932,127.7184171,335.499431,22863.41324,,460.5160041,2.988403205,399742.4,2045.533338,9.866666667,0.050489004,24948.2,127.6631521,63304.13333,323.9354023,4477488.333,22911.88439,0,0,89995,460.5160041,713.0666667,3.648853958,1.59E+12,2020/,7/9/20,202079
7/10/20,786,400299,4541574,89995,24968,,,8.814102776,826,178,92,New York,04000US36,9,0,73558,2048.381531,0.046054159,127.7644713,376.4057584,23239.819,,460.5160041,4.022063217,400448.8667,2049.148419,9.8,0.050147862,24958,127.7133,63857.06667,326.7648333,4541345.4,23238.64922,0,0,89995,460.5160041,706.4666667,3.615080909,1.59E+12,2020/,7/10/20,2020710
7/11/20,730,401029,4610777,89995,24974,,,8.69764467,799,177,100,New York,04000US36,6,0,69203,2052.117035,0.030702773,127.795174,354.1206626,23593.93966,,460.5160041,3.735504006,401144.4,2052.707552,10,0.051171288,24968,127.7644713,64085.4,327.9332444,4605430.8,23566.58247,0,0,89995,460.5160041,695.5333333,3.559133634,1.59E+12,2020/,7/11/20,2020711
7/12/20,677,401706,4673195,89995,24979,,,8.595960579,801,174,102,New York,04000US36,5,0,62418,2055.581332,0.025585644,127.8207597,319.4009439,23913.34061,,460.5160041,3.464296181,401825,2056.19027,10.13333333,0.051853572,24978.13333,127.8163248,63005.46667,322.4070865,4668436.267,23888.98955,0,0,89995,460.5160041,680.6,3.482717844,1.59E+12,2020/,7/12/20,2020712
7/13/20,557,402263,4724882,89995,24989,,,8.513715263,792,175,103,New York,04000US36,10,0,51687,2058.431572,0.051171288,127.871931,264.489035,24177.82964,,460.5160041,2.850240728,402504.6667,2059.668212,10.13333333,0.051853572,24988.26667,127.8681784,62067.26667,317.6061962,4730503.533,24206.59575,0,0,89995,460.5160041,679.6666667,3.477941857,1.59E+12,2020/,7/13/20,2020713
7/14/20,912,403175,4784927,89995,24994,,,8.425938369,820,167,101,New York,04000US36,5,0,60045,2063.098394,0.025585644,127.8975166,307.2579973,24485.08764,,460.5160041,4.666821443,403206.8,2063.261119,9.666666667,0.049465578,24997.93333,127.917644,62856.66667,321.6456577,4793360.2,24528.24141,0,0,89995,460.5160041,702.1333333,3.592906684,1.59E+12,2020/,7/14/20,2020714
7/15/20,831,404006,4848525,89995,25003,,,8.332554746,831,165,94,New York,04000US36,9,0,63598,2067.350728,0.046054159,127.9435708,325.4391558,24810.52679,,460.5160041,4.252334012,403916.7333,2066.893939,9.6,0.049124436,25007.53333,127.9667684,63584.86667,325.3719509,4856945.067,24853.61336,0,0,89995,460.5160041,709.9333333,3.632820288,1.59E+12,2020/,7/15/20,2020715
7/16/20,769,404775,4921210,89995,25014,,,8.225111304,813,165,88,New York,04000US36,11,0,72685,2071.2858,0.056288417,127.9998592,371.938505,25182.4653,,460.5160041,3.935072028,404634.6,2070.567355,9.133333333,0.046736443,25016.66667,128.0135049,64392.4,329.5042029,4921337.467,25183.11756,0,0,89995,460.5160041,717.8666667,3.673416177,1.59E+12,2020/,7/16/20,2020716
7/17/20,776,405551,4999449,89995,25024,,,8.111913933,765,179,98,New York,04000US36,10,0,78239,2075.256692,0.051171288,128.0510305,400.3590382,25582.82434,,460.5160041,3.970891929,405363.7333,2074.298424,8.733333333,0.044689591,25025.4,128.0581944,65121.93333,333.2373189,4986459.4,25516.35488,0,0,89995,460.5160041,729.1333333,3.731069161,1.59E+12,2020/,7/17/20,2020717
7/18/20,754,406305,5069266,89995,25035,,,8.015065692,743,172,100,New York,04000US36,11,0,69817,2079.115007,0.056288417,128.1073189,357.2625797,25940.08692,,460.5160041,3.858315096,406090.4667,2078.017212,9,0.046054159,25034.4,128.1042486,64982.46667,332.52365,5051441.867,25848.87853,0,0,89995,460.5160041,726.7333333,3.718788052,1.60E+12,2020/,7/18/20,2020718
7/19/20,502,406807,5115470,89995,25048,,,7.952485304,722,160,96,New York,04000US36,13,0,46204,2081.683806,0.066522674,128.1738416,236.4318179,26176.51873,,460.5160041,2.568798645,406804.2667,2081.669819,8.8,0.045030733,25043.2,128.1492793,63940.13333,327.1898962,5115382,26176.06843,0,0,89995,460.5160041,713.8,3.65260652,1.60E+12,2020/,7/19/20,2020719
7/20/20,519,407326,5164812,89995,25056,,,7.886560053,716,158,93,New York,04000US36,8,0,49342,2084.339595,0.04093703,128.2147786,252.489368,26429.0081,,460.5160041,2.655789834,407513.4667,2085.298886,9.2,0.047077585,25052.4,128.1963569,63596.93333,325.4336976,5178978.933,26501.50212,0,0,89995,460.5160041,709.2,3.629067727,1.60E+12,2020/,7/20/20,2020720
7/21/20,855,408181,5230981,89995,25058,,,7.803144382,724,163,91,New York,04000US36,2,0,66169,2088.71474,0.010234258,128.2250128,338.5952939,26767.6034,,460.5160041,4.375145103,408221.1333,2088.920108,9.133333333,0.046736443,25061.53333,128.2430934,63977.6,327.3816179,5242956.533,26828.88374,0,0,89995,460.5160041,707.6666667,3.621221463,1.60E+12,2020/,7/21/20,2020721
7/22/20,705,408886,5298640,89995,25068,,,7.716810351,714,179,96,New York,04000US36,10,0,67659,2092.322316,0.051171288,128.2761841,346.2198158,27113.82321,,460.5160041,3.607575786,408915.6667,2092.474124,9.2,0.047077585,25070.73333,128.2901709,64126.33333,328.1427055,5307082.867,27157.02645,0,0,89995,460.5160041,694.5333333,3.554016505,1.60E+12,2020/,7/22/20,2020722
7/23/20,811,409697,5368338,89995,25081,,,7.631728852,706,160,93,New York,04000US36,13,0,69698,2096.472308,0.066522674,128.3427068,356.6536414,27470.47685,,460.5160041,4.149991436,409606.6,2096.009719,9.466666667,0.048442152,25080.2,128.3386131,64789.53333,331.5363853,5371872.4,27488.56283,0,0,89995,460.5160041,690.9333333,3.535594842,1.60E+12,2020/,7/23/20,2020723
7/24/20,753,410450,5444845,89995,25090,,,7.538322946,650,156,93,New York,04000US36,9,0,76507,2100.325506,0.046054159,128.388761,391.4961712,27861.97302,,460.5160041,3.853197968,410289.2,2099.502671,9.066666667,0.046395301,25089.26667,128.3850084,64535.13333,330.2345878,5436407.533,27818.79742,0,0,89995,460.5160041,682.6,3.492952102,1.60E+12,2020/,7/24/20,2020724
7/25/20,750,411200,5516311,89995,25103,,,7.454257021,646,149,94,New York,04000US36,13,0,71466,2104.163352,0.066522674,128.4552836,365.700725,28227.67375,,460.5160041,3.837846581,410970.2667,2102.987777,9.333333333,0.047759869,25098.6,128.4327683,64835,331.7690441,5501242.533,28150.56647,0,0,89995,460.5160041,681.0666667,3.485105838,1.60E+12,2020/,7/25/20,2020725
7/26/20,536,411736,5569879,89995,25106,,,7.39218931,637,155,90,New York,04000US36,3,0,53568,2106.906133,0.015351386,128.470635,274.1143542,28501.7881,,460.5160041,2.742781023,411636.4667,2106.396808,9,0.046054159,25107.6,128.4788224,64111.26667,328.0656075,5565353.8,28478.63207,0,0,89995,460.5160041,666.2,3.40903119,1.60E+12,2020/,7/26/20,2020726
7/27/20,608,412344,5627149,89995,25117,,,7.32776047,642,149,84,New York,04000US36,11,0,57270,2110.017348,0.056288417,128.5269234,293.0579649,28794.84607,,460.5160041,3.111214295,412305.5333,2109.820509,8.266666667,0.042301598,25115.86667,128.521124,64486.93333,329.9879422,5629840.733,28808.62001,0,0,89995,460.5160041,669.0666667,3.423700292,1.60E+12,2020/,7/27/20,2020727
7/28/20,534,412878,5684546,89995,25126,,,7.263165783,648,152,81,New York,04000US36,9,0,57397,2112.749894,0.046054159,128.5729776,293.7078403,29088.55391,,460.5160041,2.732546766,412989.7333,2113.321648,7.933333333,0.040595888,25123.8,128.5617199,65930.33333,337.3740058,5695771.067,29145.99402,0,0,89995,460.5160041,684.2,3.501139508,1.60E+12,2020/,7/28/20,2020728
7/29/20,715,413593,5746822,89995,25132,,,7.196899434,619,154,76,New York,04000US36,6,0,62276,2116.408641,0.030702773,128.6036804,318.6743116,29407.22822,,460.5160041,3.658747074,413659.3333,2116.748078,8.066666667,0.041278172,25131.86667,128.6029981,66363.6,339.5910872,5762134.667,29485.58511,0,0,89995,460.5160041,669.6,3.426429428,1.60E+12,2020/,7/29/20,2020729
7/30/20,777,414370,5820368,89995,25145,,,7.119309295,586,142,72,New York,04000US36,13,0,73546,2120.38465,0.066522674,128.670203,376.3443529,29783.57257,,460.5160041,3.976009058,414328.8,2120.173825,7.8,0.039913604,25139.66667,128.6429117,66677.66667,341.1982067,5828812.333,29826.78331,0,0,89995,460.5160041,669.4666667,3.425747144,1.60E+12,2020/,7/30/20,2020730
7/31/20,644,415014,5889237,89995,25150,,,7.046990977,576,140,70,New York,04000US36,5,0,68869,2123.680081,0.025585644,128.6957887,352.4115416,30135.98412,,460.5160041,3.295430931,414991.8,2123.566481,7.266666667,0.037184469,25146.93333,128.6800962,66709.13333,341.3592257,5895521.467,30168.14254,0,0,89995,460.5160041,663,3.392656378,1.60E+12,2020/,7/31/20,2020731
8/1/20,753,415767,5971974,89995,25164,,,6.961969359,581,147,72,New York,04000US36,14,0,82737,2127.533279,0.071639803,128.7674285,423.3758835,30559.36,,460.5160041,3.853197968,415651.4667,2126.94208,7,0.035819901,25153.93333,128.7159161,66599.13333,340.7963416,5962120.6,30508.93888,0,0,89995,460.5160041,659.6666667,3.375599282,1.60E+12,2020/,8/1/20,202081
8/2/20,531,416298,6030935,89995,25170,,,6.902710774,556,143,71,New York,04000US36,6,0,58961,2130.250475,0.030702773,128.7981313,301.7110297,30861.07103,,460.5160041,2.717195379,416295.4667,2130.237511,6.6,0.03377305,25160.53333,128.7496891,66222.2,338.8675252,6028342.8,30847.80641,0,0,89995,460.5160041,644,3.295430931,1.60E+12,2020/,8/2/20,202082
8/3/20,545,416843,6082774,89995,25172,,,6.852843785,536,136,62,New York,04000US36,2,0,51839,2133.03931,0.010234258,128.8083655,265.2668386,31126.33787,,460.5160041,2.788835182,416935.4667,2133.512474,6.533333333,0.033431908,25167.06667,128.783121,66251.13333,339.0155808,6094593.933,31186.82199,0,0,89995,460.5160041,640,3.274962416,1.60E+12,2020/,8/3/20,202083
8/4/20,746,417589,6153767,89995,25175,,,6.785908534,568,139,69,New York,04000US36,3,0,70993,2136.856688,0.015351386,128.8237169,363.2803231,31489.61819,,460.5160041,3.817378066,417579.4,2136.807564,6.266666667,0.03206734,25173.33333,128.8151884,67570.4,345.7664382,6162164.333,31532.58843,0,0,89995,460.5160041,643.9333333,3.295089789,1.60E+12,2020/,8/4/20,202084
8/5/20,636,418225,6226435,89995,25179,,,6.716925496,564,134,69,New York,04000US36,4,0,72668,2140.111182,0.020468515,128.8441854,371.8515138,31861.4697,,460.5160041,3.254493901,418234.4,2140.159283,6.133333333,0.031385056,25179.46667,128.8465734,69595.66667,356.1299885,6231760,31888.71841,0,0,89995,460.5160041,655,3.351719348,1.60E+12,2020/,8/5/20,202085
8/6/20,703,418928,6298805,89995,25185,,,6.650912356,570,132,69,New York,04000US36,6,0,72370,2143.708523,0.030702773,128.8748882,370.3266094,32231.79631,,460.5160041,3.597341529,418890.8667,2143.518507,6.4,0.032749624,25185.86667,128.879323,71303.93333,364.871409,6303063.933,32253.58982,0,0,89995,460.5160041,656.4666667,3.35922447,1.60E+12,2020/,8/6/20,202086
8/7/20,714,419642,6368975,89995,25190,,,6.588846714,579,139,66,New York,04000US36,5,0,70170,2147.362153,0.025585644,128.9004738,359.0689261,32590.86524,,460.5160041,3.653629945,419544,2146.860675,5.8,0.029679347,25191.66667,128.9090024,72097.86667,368.9340681,6375161.8,32622.52389,0,0,89995,460.5160041,653.1333333,3.342167374,1.60E+12,2020/,8/7/20,202087
8/8/20,703,420345,6443832,89995,25195,,,6.523214758,573,133,64,New York,04000US36,5,0,74857,2150.959495,0.025585644,128.9260595,383.0529087,32973.91815,,460.5160041,3.597341529,420203.1333,2150.233545,6.266666667,0.03206734,25197.93333,128.9410697,73417.8,375.688337,6448579.6,32998.21223,0,0,89995,460.5160041,659.1333333,3.372870147,1.60E+12,2020/,8/8/20,202088
8/9/20,515,420860,6509644,89995,25202,,,6.465176898,548,131,66,New York,04000US36,7,0,65812,2153.594816,0.035819901,128.9618794,336.7684789,33310.68663,,460.5160041,2.635321319,420852.5333,2153.556608,5.733333333,0.029338205,25203.66667,128.9704079,73081.46667,373.967276,6521661.067,33372.1795,0,0,89995,460.5160041,649.4,3.323063426,1.60E+12,2020/,8/9/20,202089
8/10/20,476,421336,6563646,89995,25204,,,6.419237113,535,127,62,New York,04000US36,2,0,54002,2156.03057,0.010234258,128.9721136,276.3351881,33587.02182,,460.5160041,2.435753297,421493.7333,2156.837711,5.733333333,0.029338205,25209.4,128.9997461,72943.46667,373.2611122,6594604.533,33745.44062,0,0,89995,460.5160041,641.2,3.28110297,1.60E+12,2020/,8/10/20,2020810
8/11/20,667,422003,6640705,89995,25211,,,6.354792149,540,120,60,New York,04000US36,7,0,77059,2159.443694,0.035819901,129.0079335,394.3208263,33981.34264,,460.5160041,3.413124893,422142.2667,2160.15634,6.133333333,0.031385056,25215.53333,129.0311312,73946.93333,378.3959804,6668551.467,34123.8366,0,0,89995,460.5160041,648.5333333,3.318628582,1.60E+12,2020/,8/11/20,2020811
8/12/20,700,422703,6728481,89995,25218,,,6.282294622,558,123,62,New York,04000US36,7,0,87776,2163.025685,0.035819901,129.0437534,449.1610954,34430.50374,,460.5160041,3.581990142,422783.1333,2163.435737,6.333333333,0.032408482,25221.86667,129.0635397,74575.73333,381.613631,6743127.2,34505.45023,0,0,89995,460.5160041,640.8666667,3.279397261,1.60E+12,2020/,8/12/20,2020812
8/13/20,737,423440,6816381,89995,25228,,,6.212094072,555,124,56,New York,04000US36,10,0,87900,2166.797008,0.051171288,129.0949247,449.7956193,34880.29936,,460.5160041,3.771323907,423421.6667,2166.703194,6.4,0.032749624,25228.26667,129.0962893,75130.13333,384.4505671,6818257.333,34889.9008,0,0,89995,460.5160041,638.5333333,3.267457294,1.60E+12,2020/,8/13/20,2020813
8/14/20,727,424167,6901836,89995,25232,,,6.145712532,554,127,59,New York,04000US36,4,0,85455,2170.517161,0.020468515,129.1153932,437.2842395,35317.5836,,460.5160041,3.720152619,424060.6,2169.972699,6.2,0.031726198,25234.46667,129.1280155,76897.46667,393.4942394,6895154.8,35283.39503,0,0,89995,460.5160041,638.9333333,3.269504145,1.60E+12,2020/,8/14/20,2020814
8/15/20,734,424901,6990504,89995,25244,,,6.078259879,523,120,58,New York,04000US36,12,0,88668,2174.273134,0.061405545,129.1767988,453.7255742,35771.30917,,460.5160041,3.755972521,424695.4667,2173.221393,6.133333333,0.031385056,25240.6,129.1594006,78542.73333,401.9132808,6973697.533,35685.30832,0,0,89995,460.5160041,634.8666667,3.248694488,1.60E+12,2020/,8/15/20,2020815
8/16/20,607,425508,7068196,89995,25250,,,6.020036796,527,128,59,New York,04000US36,6,0,77692,2177.379231,0.030702773,129.2075016,397.5599688,36168.86914,,460.5160041,3.106097166,425321.6,2176.425398,6.2,0.031726198,25246.8,129.1911268,78488.46667,401.6355913,7052186,36086.94391,0,0,89995,460.5160041,626.1333333,3.204004897,1.60E+12,2020/,8/16/20,2020816
8/17/20,408,425916,7125087,89995,25256,,,5.97769543,534,133,64,New York,04000US36,6,0,56891,2179.467019,0.030702773,129.2382043,291.1185731,36459.98771,,460.5160041,2.08778854,425940.6,2179.592901,6.2,0.031726198,25253,129.222853,78236.4,400.3457337,7130422.4,36487.28964,0,0,89995,460.5160041,619,3.167502712,1.60E+12,2020/,8/17/20,2020817
8/18/20,655,426571,7191978,89995,25264,,,5.931205574,537,126,60,New York,04000US36,8,0,66891,2182.818739,0.04093703,129.2791414,342.2898609,36802.27757,,460.5160041,3.351719348,426569.8,2182.812598,6.2,0.031726198,25259.2,129.2545792,79119.93333,404.8668875,7209542.333,36892.15653,0,0,89995,460.5160041,629.2,3.219697425,1.60E+12,2020/,8/18/20,2020818
8/19/20,631,427202,7272403,89995,25270,,,5.87428942,548,131,60,New York,04000US36,6,0,80425,2186.047647,0.030702773,129.3098441,411.5450817,37213.82265,,460.5160041,3.228908257,427192.2667,2185.99784,6.266666667,0.03206734,25265.46667,129.2866465,78728.6,402.8643845,7288270.933,37295.02091,0,0,89995,460.5160041,622.4666667,3.185242091,1.60E+12,2020/,8/19/20,2020819
8/20/20,601,427803,7353387,89995,25275,,,5.817768057,518,120,62,New York,04000US36,5,0,80984,2189.123041,0.025585644,129.3354298,414.4055567,37628.22821,,460.5160041,3.075394394,427820.8,2189.214126,6.066666667,0.031043915,25271.53333,129.3176904,78439.33333,401.3841697,7366710.267,37696.40508,0,0,89995,460.5160041,628.5333333,3.216286006,1.60E+12,2020/,8/20/20,2020820
8/21/20,709,428512,7452267,89995,25278,,,5.750089201,490,119,58,New York,04000US36,3,0,98880,2192.751086,0.015351386,129.3507812,505.9816933,38134.2099,,460.5160041,3.628044301,428442.6,2192.395957,5.6,0.028655921,25277.13333,129.3463463,79101.06667,404.7703444,7445811.333,38101.17543,0,0,89995,460.5160041,621.8,3.181830672,1.60E+12,2020/,8/21/20,2020821
8/22/20,653,429165,7547116,89995,25282,,,5.686476795,483,116,56,New York,04000US36,4,0,94849,2196.092571,0.020468515,129.3712497,485.3545472,38619.56445,,460.5160041,3.34148509,429058.2667,2195.546402,5.8,0.029679347,25282.93333,129.3760257,79662.26667,407.642077,7525473.6,38508.8175,0,0,89995,460.5160041,615.6666667,3.150445616,1.60E+12,2020/,8/22/20,2020822
8/23/20,572,429737,7621159,89995,25288,,,5.638735526,472,110,50,New York,04000US36,6,0,74043,2199.019568,0.030702773,129.4019525,378.8875659,38998.45202,,460.5160041,2.926997659,429671.5333,2198.684567,5.533333333,0.028314779,25288.46667,129.4043405,80419.2,411.5154024,7605892.8,38920.33291,0,0,89995,460.5160041,613.2666667,3.138164507,1.60E+12,2020/,8/23/20,2020823
8/24/20,408,430145,7683190,89995,25295,,,5.598520927,482,120,54,New York,04000US36,7,0,62031,2201.107357,0.035819901,129.4377724,317.420615,39315.87263,,460.5160041,2.08778854,430288.0667,2201.839447,5.2,0.02660907,25293.66667,129.4309495,79655.8,407.6089863,7685548.6,39327.94189,0,0,89995,460.5160041,616.5333333,3.154880461,1.60E+12,2020/,8/24/20,2020824
8/25/20,629,430774,7750445,89995,25297,,,5.558055054,488,133,52,New York,04000US36,2,0,67255,2204.326031,0.010234258,129.4480066,344.1524958,39660.02513,,460.5160041,3.218673999,430927.6667,2205.112363,5,0.025585644,25298.66667,129.4565352,80996.2,414.4679857,7766544.8,39742.40988,0,0,89995,460.5160041,639.6,3.272915564,1.60E+12,2020/,8/25/20,2020825
8/26/20,566,431340,7821634,89995,25305,,,5.514704472,492,136,54,New York,04000US36,8,0,71189,2207.222326,0.04093703,129.4889437,364.2832804,40024.30841,,460.5160041,2.896294887,431570.8,2208.403359,4.8,0.024562218,25303.46667,129.4810974,82433.26667,421.8216409,7848978.067,40164.23152,0,0,89995,460.5160041,643.1333333,3.290996086,1.60E+12,2020/,8/26/20,2020826
8/27/20,791,432131,7905071,89995,25309,,,5.466503716,490,126,52,New York,04000US36,4,0,83437,2211.269975,0.020468515,129.5094122,426.9578736,40451.26628,,460.5160041,4.047648861,432231.1333,2211.78237,4.866666667,0.02490336,25308.33333,129.5060007,83003.66667,424.7404511,7931981.733,40588.97197,0,0,89995,460.5160041,660.3333333,3.379010701,1.60E+12,2020/,8/27/20,2020827
8/28/20,636,432767,8002897,89995,25312,,,5.407629262,478,122,51,New York,04000US36,3,0,97826,2214.524469,0.015351386,129.5247636,500.5882395,40951.85452,,460.5160041,3.254493901,432909,2215.251101,4.866666667,0.02490336,25313.2,129.5309041,83831.06667,428.9743635,8015812.8,41017.94633,0,0,89995,460.5160041,677.8666667,3.468731026,1.60E+12,2020/,8/28/20,2020828
8/29/20,635,433402,8096770,89995,25319,,,5.352776478,458,116,48,New York,04000US36,7,0,93873,2217.773845,0.035819901,129.5605835,480.3602295,41432.21475,,460.5160041,3.249376772,433593,2218.751217,4.8,0.024562218,25318,129.5554663,83889.8,429.2749095,8099702.6,41447.22124,0,0,89995,460.5160041,684,3.500116082,1.60E+12,2020/,8/29/20,2020829
8/30/20,698,434100,8196792,89995,25327,,,5.295974328,429,112,47,New York,04000US36,8,0,100022,2221.345601,0.04093703,129.6015205,511.8254543,41944.04021,,460.5160041,3.571755885,434282.0667,2222.27726,5.133333333,0.026267928,25323.13333,129.5817343,83275.2,426.1299222,8182977.8,41873.35117,0,0,89995,460.5160041,689.0666667,3.526042868,1.60E+12,2020/,8/30/20,2020830
8/31/20,656,434756,8263033,89995,25328,,,5.261457869,418,109,51,New York,04000US36,1,0,66241,2224.702438,0.005117129,129.6066376,338.9637272,42283.00393,,460.5160041,3.356836476,434967.6667,2225.785563,4.866666667,0.02490336,25328,129.6066376,82263.33333,420.9520701,8265241.133,42294.30324,0,0,89995,460.5160041,685.6,3.508303488,1.60E+12,2020/,8/31/20,2020831
9/1/20,754,435510,8340030,89995,25331,,,5.221923662,432,109,54,New York,04000US36,3,0,76997,2228.560753,0.015351386,129.621989,394.0035643,42677.0075,,460.5160041,3.858315096,435663.2,2229.344697,4.8,0.024562218,25332.8,129.6311998,81983,419.5175684,8347224.133,42713.8208,0,0,89995,460.5160041,695.5333333,3.559133634,1.60E+12,2020/,9/1/20,202091
9/2/20,708,436218,8428477,89995,25336,,,5.17552578,445,117,61,New York,04000US36,5,0,88447,2232.18368,0.025585644,129.6475746,452.5946888,43129.60219,,460.5160041,3.622927173,436355.2,2232.88575,4.866666667,0.02490336,25337.66667,129.6561032,81714.66667,418.1444721,8428938.8,43131.96528,0,0,89995,460.5160041,692,3.541053112,1.60E+12,2020/,9/2/20,202092
9/3/20,889,437107,8517458,89995,25343,,,5.131894986,430,117,61,New York,04000US36,7,0,88981,2236.732807,0.035819901,129.6833945,455.3272355,43584.92942,,460.5160041,4.549127481,437059.9333,2236.491961,4.8,0.024562218,25342.46667,129.6806654,82089.6,420.0630543,8511028.4,43552.02833,0,0,89995,460.5160041,704.7333333,3.606211219,1.60E+12,2020/,9/3/20,202093
9/4/20,864,437971,8610853,89995,25348,,,5.086267295,428,116,61,New York,04000US36,5,0,93395,2241.154007,0.025585644,129.7089802,477.9142419,44062.84366,,460.5160041,4.421199262,437770.6,2240.128534,4.866666667,0.02490336,25347.33333,129.7055688,82508.6,422.2071312,8593537,43974.23546,0,0,89995,460.5160041,710.6666667,3.636572849,1.60E+12,2020/,9/4/20,202094
9/5/20,801,438772,8710614,89995,25350,,,5.037210925,425,115,61,New York,04000US36,2,0,99761,2245.252827,0.010234258,129.7192144,510.4898837,44573.33355,,460.5160041,4.098820149,438495.4667,2243.83777,4.8,0.024562218,25352.13333,129.730131,82848.53333,423.9466139,8676385.533,44398.18208,0,0,89995,460.5160041,724.8666667,3.709236078,1.60E+12,2020/,9/5/20,202095
9/6/20,729,439501,8796244,89995,25359,,,4.996462126,410,119,56,New York,04000US36,9,0,85630,2248.983214,0.046054159,129.7652686,438.179737,45011.51328,,460.5160041,3.730386877,439226.3333,2247.577709,4.733333333,0.024221076,25356.86667,129.7543521,81434.86667,416.7126995,8757820.4,44814.89477,0,0,89995,460.5160041,730.8666667,3.739938851,1.60E+12,2020/,9/6/20,202096
9/7/20,520,440021,8855109,89995,25361,,,4.969120086,413,115,57,New York,04000US36,2,0,58865,2251.644121,0.010234258,129.7755029,301.2197853,45312.73307,,460.5160041,2.660906963,439949.5333,2251.278417,4.466666667,0.022856509,25361.33333,129.7772086,78990.6,404.2050722,8836811,45219.09985,0,0,89995,460.5160041,723.2,3.70070753,1.60E+12,2020/,9/7/20,202097
9/8/20,557,440578,8912935,89995,25367,,,4.943130405,445,114,52,New York,04000US36,6,0,57826,2254.494361,0.030702773,129.8062056,295.9030885,45608.63616,,460.5160041,2.850240728,440680.0667,2255.01665,5.133333333,0.026267928,25366.46667,129.8034765,79486.4,406.7421447,8916297.4,45625.84199,0,0,89995,460.5160041,730.5333333,3.738233141,1.60E+12,2020/,9/8/20,202098
9/9/20,576,441154,8976165,89995,25370,,,4.914726946,463,121,59,New York,04000US36,3,0,63230,2257.441828,0.015351386,129.821557,323.5560524,45932.19221,,460.5160041,2.947466174,441403.8,2258.720086,5.266666667,0.026950212,25371.73333,129.8304267,79359.06667,406.0905636,8995656.467,46031.93256,0,0,89995,460.5160041,723.7333333,3.703436665,1.60E+12,2020/,9/9/20,202099
9/10/20,757,441911,9052978,89995,25377,,,4.881388202,482,120,55,New York,04000US36,7,0,76813,2261.315494,0.035819901,129.8573769,393.0620126,46325.25422,,460.5160041,3.873666483,442140.0667,2262.487658,5.133333333,0.026267928,25376.86667,129.8566946,79562.86667,407.1334344,9075219.333,46439.06599,0,0,89995,460.5160041,736.2666667,3.767571346,1.60E+12,2020/,9/10/20,2020910
9/11/20,880,442791,9142700,89995,25382,,,4.843109803,474,120,54,New York,04000US36,5,0,89722,2265.818567,0.025585644,129.8829626,459.1190279,46784.37325,,460.5160041,4.503073322,442869.7333,2266.221456,5.333333333,0.027291353,25382.2,129.883986,79612.6,407.3879263,9154831.933,46846.45392,0,0,89995,460.5160041,729.6666667,3.733798296,1.60E+12,2020/,9/11/20,2020911
9/12/20,849,443640,9245625,89995,25384,,,4.798377611,467,127,51,New York,04000US36,2,0,102925,2270.16301,0.010234258,129.8931968,526.6804792,47311.05373,,460.5160041,4.34444233,443607.5333,2269.996874,5.133333333,0.026267928,25387.33333,129.9102539,80749.2,413.2040549,9235581.133,47259.65797,0,0,89995,460.5160041,737.8,3.77541761,1.60E+12,2020/,9/12/20,2020912
9/13/20,725,444365,9318293,89995,25390,,,4.768738223,464,131,54,New York,04000US36,6,0,72668,2273.872928,0.030702773,129.9238996,371.8515138,47682.90524,,460.5160041,3.709918362,444349.4,2273.793101,5.133333333,0.026267928,25392.46667,129.9365218,80788.8,413.4066932,9316369.933,47673.06466,0,0,89995,460.5160041,741.8666667,3.796227267,1.60E+12,2020/,9/13/20,2020913
9/14/20,583,444948,9381651,89995,25394,,,4.742747305,464,143,59,New York,04000US36,4,0,63358,2276.856214,0.020468515,129.9443681,324.2110449,48007.11629,,460.5160041,2.983286076,445080.8667,2277.53611,4.6,0.023538792,25397.06667,129.9600606,78968.06667,404.0897662,9395338,48077.15443,0,0,89995,460.5160041,731.4666667,3.743009128,1.60E+12,2020/,9/14/20,2020914
9/15/20,766,445714,9455329,89995,25405,,,4.713892029,481,144,60,New York,04000US36,11,0,73678,2280.775935,0.056288417,130.0006565,377.0198139,48384.1361,,460.5160041,3.919720642,445827.9333,2281.358946,4.733333333,0.024221076,25401.8,129.9842817,80643.53333,412.6633449,9475981.533,48489.81778,0,0,89995,460.5160041,747.0666667,3.822836337,1.60E+12,2020/,9/15/20,2020915
9/16/20,652,446366,9530416,89995,25410,,,4.683594084,483,138,67,New York,04000US36,5,0,75087,2284.112303,0.025585644,130.0262422,384.2298483,48768.36595,,460.5160041,3.336367961,446582.2,2285.218626,4.666666667,0.023879934,25406.46667,130.0081616,81517.13333,417.1336686,9557498.667,48906.95144,0,0,89995,460.5160041,754.2666667,3.859679664,1.60E+12,2020/,9/16/20,2020916
9/17/20,896,447262,9621920,89995,25413,,,4.648365399,486,135,68,New York,04000US36,3,0,91504,2288.69725,0.015351386,130.0415936,468.2377514,49236.6037,,460.5160041,4.584947382,447361.7333,2289.207598,4.6,0.023538792,25411.06667,130.0317004,83498.66667,427.2734299,9640997.333,49334.22487,0,0,89995,460.5160041,779.5333333,3.988972451,1.60E+12,2020/,9/17/20,2020917
9/18/20,790,448052,9711647,89995,25423,,,4.61355319,478,141,62,New York,04000US36,10,0,89727,2292.739782,0.051171288,130.0927648,459.1446136,49695.74832,,460.5160041,4.042531732,448151.3333,2293.248083,4.6,0.023538792,25415.66667,130.0552392,84699,433.4156901,9725696.333,49767.64056,0,0,89995,460.5160041,789.6,4.040484881,1.60E+12,2020/,9/18/20,2020918
9/19/20,986,449038,9822091,89995,25425,,,4.571714923,467,144,60,New York,04000US36,2,0,110444,2297.785271,0.010234258,130.1029991,565.1561704,50260.90449,,460.5160041,5.045488972,448949.2667,2297.331211,4.533333333,0.02319765,25420.2,130.0784369,85381.06667,436.9059131,9811077.4,50204.54648,0,0,89995,460.5160041,797.9333333,4.08312762,1.60E+12,2020/,9/19/20,2020919
9/20/20,862,449900,9922446,89995,25427,,,4.534164257,468,132,60,New York,04000US36,2,0,100355,2302.196236,0.010234258,130.1132334,513.5294582,50774.43394,,460.5160041,4.410965004,449748.3333,2301.420138,4.8,0.024562218,25425,130.1029991,84170.73333,430.7124815,9895248.133,50635.25896,0,0,89995,460.5160041,799.0666667,4.088927033,1.60E+12,2020/,9/20/20,2020920
9/21/20,573,450473,9980765,89995,25428,,,4.513411547,468,134,66,New York,04000US36,1,0,58319,2305.128351,0.005117129,130.1183505,298.425833,51072.85978,,460.5160041,2.932114788,450554.6667,2305.546249,5.2,0.02660907,25430.2,130.1296082,82855.26667,423.9810692,9978103.4,51059.24003,0,0,89995,460.5160041,806.3333333,4.126111502,1.60E+12,2020/,9/21/20,2020921
9/22/20,754,451227,10064762,89995,25432,,,4.483235669,470,133,67,New York,04000US36,4,0,83997,2308.986666,0.020468515,130.138819,429.8234657,51502.68324,,460.5160041,3.858315096,451401.4,2309.879093,5.066666667,0.025926786,25435.26667,130.155535,84513.46667,432.4662922,10062616.87,51491.70632,0,0,89995,460.5160041,846.7333333,4.332843505,1.60E+12,2020/,9/22/20,2020922
9/23/20,665,451892,10135692,89995,25437,,,4.45842277,490,141,68,New York,04000US36,5,0,70930,2312.389556,0.025585644,130.1644046,362.957944,51865.64119,,460.5160041,3.402890635,452263.7333,2314.291764,4.933333333,0.025244502,25440.2,130.1807795,86132.26667,440.7499002,10148749.13,51932.45622,0,0,89995,460.5160041,862.3333333,4.412670714,1.60E+12,2020/,9/23/20,2020923
9/24/20,955,452847,10228645,89995,25439,,,4.427243296,500,145,72,New York,04000US36,2,0,92953,2317.276414,0.010234258,130.1746389,475.652471,52341.29366,,460.5160041,4.88685798,453174.7333,2318.953468,5.333333333,0.027291353,25445.53333,130.2080708,88407.66667,452.393415,10237156.8,52384.84963,0,0,89995,460.5160041,911,4.661704314,1.60E+12,2020/,9/24/20,2020924
9/25/20,908,453755,10323463,89995,25446,,,4.395375854,511,154,76,New York,04000US36,7,0,94818,2321.922767,0.035819901,130.2104588,485.1959162,52826.48957,,460.5160041,4.646352928,454132.5333,2323.854654,5.6,0.028655921,25451.13333,130.2367267,90273.6,461.9416362,10327430.4,52846.79127,0,0,89995,460.5160041,957.8,4.901185941,1.60E+12,2020/,9/25/20,2020925
9/26/20,1005,454760,10423416,89995,25450,,,4.36286914,527,164,75,New York,04000US36,4,0,99953,2327.065482,0.020468515,130.2309273,511.4723724,53337.96195,,460.5160041,5.142714419,455153.0667,2329.076854,5.466666667,0.027973637,25456.6,130.2647004,93242.93333,477.1360972,10420673.33,53323.92737,0,0,89995,460.5160041,1020.533333,5.222200486,1.60E+12,2020/,9/26/20,2020926
9/27/20,866,455626,10508186,89995,25456,,,4.335914876,541,155,59,New York,04000US36,6,0,84770,2331.496915,0.030702773,130.2616301,433.7790063,53771.74095,,460.5160041,4.431433519,456189.3333,2334.379564,6.266666667,0.03206734,25462.86667,130.2967677,93235.26667,477.0968659,10513908.6,53801.02423,0,0,89995,460.5160041,1036.266667,5.302709979,1.60E+12,2020/,9/27/20,2020927
9/28/20,834,456460,10561122,89995,25468,,,4.322078658,543,135,57,New York,04000US36,12,0,52936,2335.764601,0.061405545,130.3230356,270.8803288,54042.62128,,460.5160041,4.267685398,457230.3333,2339.706495,6.666666667,0.034114192,25469.53333,130.3308819,91638.53333,468.9261758,10605547.13,54269.95041,0,0,89995,460.5160041,1041,5.326931055,1.60E+12,2020/,9/28/20,2020928
9/29/20,1189,457649,10649353,89995,25470,,,4.297434783,541,147,61,New York,04000US36,2,0,88231,2341.848867,0.010234258,130.3332699,451.4893889,54494.11067,,460.5160041,6.084266113,458326,2345.313163,7.2,0.036843327,25476.73333,130.3677252,94174.53333,481.9032144,10699721.67,54751.85362,0,0,89995,460.5160041,1095.666667,5.606667428,1.60E+12,2020/,9/29/20,2020929
9/30/20,1000,458649,10747313,89995,25479,,,4.267569019,605,144,67,New York,04000US36,9,0,97960,2346.965996,0.046054159,130.3793241,501.2739348,54995.38461,,460.5160041,5.117128775,459462.0667,2351.126562,7.533333333,0.038549037,25484.26667,130.4062743,95791.13333,490.1755648,10795512.8,55242.02919,0,0,89995,460.5160041,1136.066667,5.81339943,1.60E+12,2020/,9/30/20,2020930
10/1/20,1382,460031,10856531,89995,25490,,,4.237366429,612,141,63,New York,04000US36,11,0,109218,2354.037867,0.056288417,130.4356125,558.8825705,55554.26718,,460.5160041,7.071871967,460676.2,2357.339439,7.866666667,0.040254746,25492.13333,130.446529,100783.2,515.7206128,10896296,55757.7498,0,0,89995,460.5160041,1214.133333,6.212876617,1.60E+12,2020/,10/1/20,2020101
10/2/20,1598,461629,10976024,89995,25497,,,4.205794375,648,146,63,New York,04000US36,7,0,119493,2362.215039,0.035819901,130.4714324,611.4610687,56165.72824,,460.5160041,8.177171782,461932.8,2363.769623,8.133333333,0.041619314,25500.26667,130.4881483,103873,531.5315172,11000169,56289.28132,0,0,89995,460.5160041,1256.6,6.430184019,1.60E+12,2020/,10/2/20,2020102
10/3/20,1731,463360,11110291,89995,25505,,,4.170547828,647,149,70,New York,04000US36,8,0,134267,2371.072789,0.04093703,130.5123694,687.0615292,56852.78977,,460.5160041,8.857749909,463225.3333,2370.383682,8.2,0.041960456,25508.46667,130.5301088,106523.7333,545.0956611,11106692.73,56834.37698,0,0,89995,460.5160041,1292.533333,6.614059513,1.60E+12,2020/,10/3/20,2020103
10/4/20,1222,464582,11220620,89995,25519,,,4.140430743,618,138,67,New York,04000US36,14,0,110329,2377.325921,0.071639803,130.5840092,564.5677006,57417.35747,,460.5160041,6.253131363,464527.0667,2377.04482,8.266666667,0.042301598,25516.73333,130.5724104,107743.8,551.3388993,11214436.53,57385.71588,0,0,89995,460.5160041,1301.733333,6.661137097,1.60E+12,2020/,10/4/20,2020104
10/5/20,933,465515,11297024,89995,25527,,,4.120687006,636,149,70,New York,04000US36,8,0,76404,2382.100202,0.04093703,130.6249462,390.9691069,57808.32658,,460.5160041,4.774281147,465839.6667,2383.761563,8.733333333,0.044689591,25525.46667,130.6171,108212,553.734739,11322648.53,57939.45062,0,0,89995,460.5160041,1312.6,6.71674323,1.60E+12,2020/,10/5/20,2020105
10/6/20,1393,466908,11393383,89995,25536,,,4.098062884,705,158,72,New York,04000US36,9,0,96359,2389.228362,0.046054159,130.6710004,493.0814116,58301.40799,,460.5160041,7.128160384,467189.5333,2390.669004,8.666666667,0.044348449,25534.13333,130.6614484,111287.6,569.4729803,11433936.13,58508.9236,0,0,89995,460.5160041,1349.866667,6.907441562,1.60E+12,2020/,10/6/20,2020106
10/7/20,1360,468268,11501629,89995,25545,,,4.071318941,748,176,72,New York,04000US36,9,0,108246,2396.187657,0.046054159,130.7170546,553.9087214,58855.31671,,460.5160041,6.959295134,468542.2667,2397.591115,9,0.046054159,25543.13333,130.7075026,112855.1333,577.4942502,11546791.27,59086.41785,0,0,89995,460.5160041,1352.733333,6.922110665,1.60E+12,2020/,10/7/20,2020107
10/8/20,1836,470104,11647440,89995,25555,,,4.036114374,754,172,67,New York,04000US36,10,0,145811,2405.582706,0.051171288,130.7682258,746.1336638,59601.45038,,460.5160041,9.395048431,469925.6667,2404.670151,9.266666667,0.047418727,25552.4,130.7549213,115205.2667,589.5201851,11661996.53,59675.93803,0,0,89995,460.5160041,1383.4,7.079035947,1.60E+12,2020/,10/8/20,2020108
10/9/20,1592,471696,11786740,89995,25561,,,4.001920803,779,168,78,New York,04000US36,6,0,139300,2413.729175,0.030702773,130.7989286,712.8160384,60314.26642,,460.5160041,8.14646901,471330.7333,2411.860058,9.2,0.047077585,25561.6,130.8019989,116993.3333,598.6699525,11778989.87,60274.60799,0,0,89995,460.5160041,1405.066667,7.189907071,1.60E+12,2020/,10/9/20,2020109
10/10/20,1447,473143,11921319,89995,25569,,,3.968881296,826,179,81,New York,04000US36,8,0,134579,2421.13366,0.04093703,130.8398656,688.6580734,61002.92449,,460.5160041,7.404485337,472748.2,2419.113418,9.333333333,0.047759869,25570.93333,130.8497588,119691.9333,612.4790362,11898681.8,60887.08702,0,0,89995,460.5160041,1417.466667,7.253359468,1.60E+12,2020/,10/10/20,20201010
10/11/20,1143,474286,12039573,89995,25574,,,3.939392203,820,186,84,New York,04000US36,5,0,118254,2426.982538,0.025585644,130.8654513,605.1209462,61608.04544,,460.5160041,5.84887819,474142.9333,2426.250448,9.266666667,0.047418727,25580.2,130.8971775,119325,610.6013911,12018006.8,61497.68841,0,0,89995,460.5160041,1394.733333,7.137030073,1.60E+12,2020/,10/11/20,20201011
10/12/20,1029,475315,12131366,89995,25587,,,3.918066605,878,185,84,New York,04000US36,13,0,91793,2432.248064,0.066522674,130.931974,469.7166016,62077.76204,,460.5160041,5.265525509,475522.7333,2433.311062,9.333333333,0.047759869,25589.53333,130.9449374,117437,600.9402519,12135443.8,62098.62867,0,0,89995,460.5160041,1379.8,7.060614284,1.60E+12,2020/,10/12/20,20201012
10/13/20,1393,476708,12230436,89995,25598,,,3.897718773,923,181,90,New York,04000US36,11,0,99070,2439.376224,0.056288417,130.9882624,506.9539477,62584.71599,,460.5160041,7.128160384,476920.4,2440.463102,9.666666667,0.049465578,25599.2,130.9944029,118379.4,605.7626341,12253823.2,62704.3913,0,0,89995,460.5160041,1397.666667,7.152040318,1.60E+12,2020/,10/13/20,20201013
10/14/20,1232,477940,12342180,89995,25605,,,3.872411519,938,201,100,New York,04000US36,7,0,111744,2445.680527,0.035819901,131.0240823,571.8084378,63156.52442,,460.5160041,6.304302651,478360.2667,2447.831085,9.533333333,0.048783294,25608.73333,131.0431862,120274.7333,615.4612988,12374097.93,63319.8526,0,0,89995,460.5160041,1439.866667,7.367983152,1.60E+12,2020/,10/14/20,20201014
10/15/20,1460,479400,12475392,89995,25618,,,3.842765021,897,197,95,New York,04000US36,13,0,133212,2453.151535,0.066522674,131.090605,681.6629584,63838.18738,,460.5160041,7.471008011,479818,2455.290495,9.933333333,0.050830146,25618.66667,131.0940164,122081.0667,624.7045391,12496179,63944.55714,0,0,89995,460.5160041,1457.733333,7.459409186,1.60E+12,2020/,10/15/20,20201015
10/16/20,1707,481107,12611431,89995,25628,,,3.814848608,918,200,97,New York,04000US36,10,0,136039,2461.886474,0.051171288,131.1417762,696.1290814,64534.31646,,460.5160041,8.734938819,481262.4667,2462.682016,10,0.051171288,25628.66667,131.1451877,121794.2,623.2366054,12617973.2,64567.79374,0,0,89995,460.5160041,1444.466667,7.391521944,1.60E+12,2020/,10/16/20,20201016
10/17/20,1784,482891,12771403,89995,25637,,,3.781033298,929,195,103,New York,04000US36,9,0,159972,2471.015431,0.046054159,131.1878304,818.5973244,65352.91379,,460.5160041,9.128957735,482738.2,2470.233534,10.46666667,0.053559281,25639.13333,131.1987469,122970.2,629.2543489,12740943.4,65197.04809,0,0,89995,460.5160041,1475.733333,7.551517504,1.60E+12,2020/,10/17/20,20201017
10/18/20,1390,484281,12900166,89995,25644,,,3.754067971,913,200,102,New York,04000US36,7,0,128763,2478.12824,0.035819901,131.2236503,658.8968524,66011.81064,,460.5160041,7.112808997,484226.2667,2477.848163,10.73333333,0.054923849,25649.86667,131.2536708,122053.6,624.5639886,12862997,65821.61208,0,0,89995,460.5160041,1488.066667,7.614628759,1.60E+12,2020/,10/18/20,20201018
10/19/20,998,485279,12982175,89995,25659,,,3.738040814,934,198,106,New York,04000US36,15,0,82009,2483.235135,0.076756932,131.3004072,419.6506137,66431.46125,,460.5160041,5.106894517,485717.5333,2485.479166,11.2,0.057311842,25661.06667,131.3109826,119644.4667,612.2361431,12982641.47,66433.84822,0,0,89995,460.5160041,1491.266667,7.631003571,1.60E+12,2020/,10/19/20,20201019
10/20/20,1201,486480,13072715,89995,25672,,,3.721338681,942,194,99,New York,04000US36,13,0,90540,2489.380806,0.066522674,131.3669299,463.3048393,66894.76609,,460.5160041,6.145671659,487272.9333,2493.438348,11.4,0.058335268,25672.46667,131.3693179,120966.1333,618.9992817,13103607.6,67052.84751,0,0,89995,460.5160041,1555.4,7.959182097,1.60E+12,2020/,10/20/20,20201020
10/21/20,2026,488506,13197504,89995,25679,,,3.701502951,950,201,103,New York,04000US36,7,0,124789,2499.748109,0.035819901,131.4027498,638.5613827,67533.32748,,460.5160041,10.3673029,488870.8667,2501.615179,11.66666667,0.059699836,25684.13333,131.4290177,123005.4667,629.434813,13226613.07,67682.28232,0,0,89995,460.5160041,1597.933333,8.17683064,1.60E+12,2020/,10/21/20,20201021
10/22/20,1628,490134,13332845,89995,25694,,,3.676139639,986,209,106,New York,04000US36,15,0,135341,2508.078795,0.076756932,131.4795067,692.5573255,68225.8848,,460.5160041,8.330685646,490553.2667,2510.224237,12.46666667,0.063793539,25696.6,131.4928113,126779.4,648.7465158,13353392.47,68331.02883,0,0,89995,460.5160041,1682.4,8.609057451,1.60E+12,2020/,10/22/20,20201022
10/23/20,1637,491771,13474353,89995,25705,,,3.649681732,1023,223,109,New York,04000US36,11,0,141508,2516.455535,0.056288417,131.5357952,724.1146587,68949.99946,,460.5160041,8.376739805,492288.6667,2519.104502,12.4,0.063452397,25709,131.5562637,127690.9333,653.4109493,13481083.4,68984.43978,0,0,89995,460.5160041,1735.4,8.880265276,1.60E+12,2020/,10/23/20,20201023
10/24/20,2061,493832,13631293,89995,25718,,,3.622781786,1045,231,113,New York,04000US36,13,0,156940,2527.001937,0.066522674,131.6023178,803.0821899,69753.08165,,460.5160041,10.54640241,494046.8667,2528.101438,11.93333333,0.061064403,25720.93333,131.6173281,127752.4667,653.7258233,13608835.87,69638.16561,0,0,89995,460.5160041,1758.2,8.996935812,1.60E+12,2020/,10/24/20,20201024
10/25/20,1632,495464,13752123,89995,25730,,,3.60281827,1015,227,118,New York,04000US36,12,0,120830,2535.353091,0.061405545,131.6637234,618.3026699,70371.38432,,460.5160041,8.351154161,495836.4667,2537.259051,12.46666667,0.063793539,25733.4,131.6811216,127016.6667,649.9606399,13735852.53,70288.12625,0,0,89995,460.5160041,1789.6,9.157613656,1.60E+12,2020/,10/25/20,20201025
10/26/20,1191,496655,13834240,89995,25742,,,3.590041809,1059,237,118,New York,04000US36,12,0,82117,2541.447592,0.061405545,131.7251289,420.2032636,70791.58758,,460.5160041,6.094500371,497642.2667,2546.499562,12.93333333,0.066181532,25746.33333,131.7473031,124839.2,638.8182626,13860691.73,70926.94451,0,0,89995,460.5160041,1805.8,9.240511142,1.60E+12,2020/,10/26/20,20201026
10/27/20,1991,498646,13945858,89995,25758,,,3.575584951,1083,233,120,New York,04000US36,16,0,111618,2551.635795,0.08187406,131.807003,571.1636796,71362.75126,,460.5160041,10.18820339,499536.2667,2556.191404,12.93333333,0.066181532,25759.26667,131.8134847,127896.5333,654.4630309,13988588.27,71581.40754,0,0,89995,460.5160041,1894,9.6918419,1.60E+12,2020/,10/27/20,20201027
10/28/20,2031,500677,14075518,89995,25773,,,3.557076905,1085,236,120,New York,04000US36,15,0,129660,2562.028684,0.076756932,131.8837599,663.486917,72026.23818,,460.5160041,10.39288854,501491.9333,2566.198802,13.06666667,0.066863816,25772.33333,131.8803485,130762.8,669.1300866,14119351.07,72250.53763,0,0,89995,460.5160041,1955.666667,10.00739817,1.60E+12,2020/,10/28/20,20201028
10/29/20,2499,503176,14243871,89995,25792,,,3.53257903,1085,237,114,New York,04000US36,19,0,168353,2574.816388,0.097225447,131.9809854,861.4839806,72887.72216,,460.5160041,12.78770481,503512.3333,2576.537449,14.2,0.072663229,25786.53333,131.9530117,133178.1333,681.4896583,14252529.2,72932.02729,0,0,89995,460.5160041,2020.4,10.33864698,1.60E+12,2020/,10/29/20,20201029
10/30/20,2255,505431,14390756,89995,25804,,,3.512192132,1085,243,116,New York,04000US36,12,0,146885,2586.355514,0.061405545,132.0423909,751.6294601,73639.35162,,460.5160041,11.53912539,505638.1333,2587.415442,14.4,0.073686654,25800.93333,132.0266984,134869.0667,690.1423819,14387398.27,73622.16967,0,0,89995,460.5160041,2125.8,10.87799235,1.60E+12,2020/,10/30/20,20201030
10/31/20,2049,507480,14527718,89995,25807,,,3.493184546,1121,248,122,New York,04000US36,3,0,136962,2596.840511,0.015351386,132.0577423,700.8521913,74340.20381,,460.5160041,10.48499686,507893.9333,2598.958661,14.86666667,0.076074648,25815.8,132.102773,136321.2667,697.5734763,14523719.53,74319.74314,0,0,89995,460.5160041,2255.8,11.54321909,1.60E+12,2020/,10/31/20,20201031
11/1/20,2255,509735,14676653,89995,25824,,,3.473101122,1125,259,117,New York,04000US36,17,0,148935,2608.379636,0.086991189,132.1447335,762.1195741,75102.32339,,460.5160041,11.53912539,510240.8667,2610.968221,15.26666667,0.078121499,25831.06667,132.1808945,135568.0667,693.7192549,14659287.6,75013.4624,0,0,89995,460.5160041,2346.933333,12.00956009,1.60E+12,2020/,11/1/20,2020111
11/2/20,1633,511368,14772754,89995,25838,,,3.461561737,1151,276,117,New York,04000US36,14,0,96101,2616.735907,0.071639803,132.2163733,491.7611924,75594.08458,,460.5160041,8.356271289,512688.6,2623.493588,16.2,0.082897486,25847.26667,132.263792,134940.4667,690.5077449,14794228.07,75703.97014,0,0,89995,460.5160041,2447.733333,12.52536667,1.60E+12,2020/,11/2/20,2020112
11/3/20,2321,513689,14900623,89995,25853,,,3.447433037,1227,268,120,New York,04000US36,15,0,127869,2628.612763,0.076756932,132.2931302,654.3221393,76248.40672,,460.5160041,11.87685589,515321.2667,2636.965282,17.53333333,0.089720325,25864.8,132.3535123,138001.7333,706.1726406,14932229.8,76410.14278,0,0,89995,460.5160041,2632.666667,13.47169435,1.60E+12,2020/,11/3/20,2020113
11/4/20,2126,515815,15034157,89995,25868,,,3.430953927,1253,284,129,New York,04000US36,15,0,133534,2639.491779,0.076756932,132.3698872,683.3106738,76931.71739,,460.5160041,10.87901578,518142.5333,2651.402067,17.86666667,0.091426034,25882.66667,132.4449384,141513.8667,724.1446792,15073743.67,77134.28746,0,0,89995,460.5160041,2821.266667,14.43678484,1.60E+12,2020/,11/4/20,2020114
11/5/20,2997,518812,15195176,89995,25892,,,3.41432044,1277,268,128,New York,04000US36,24,0,161019,2654.827814,0.122811091,132.4926982,823.9549582,77755.67235,,460.5160041,15.33603494,521148.2,2666.78245,18.8,0.096202021,25901.46667,132.5411404,143711.6667,735.3911048,15217455.33,77869.67857,0,0,89995,460.5160041,3005.666667,15.38038339,1.60E+12,2020/,11/5/20,2020115
11/6/20,3209,522021,15355881,89995,25910,,,3.399485839,1321,285,129,New York,04000US36,18,0,160705,2671.24868,0.092108318,132.5848066,822.3481798,78578.02053,,460.5160041,16.42086624,524347.3333,2683.152827,19.13333333,0.097907731,25920.6,132.6390481,146069.5333,747.4566122,15363524.87,78617.13518,0,0,89995,460.5160041,3199.133333,16.37037723,1.60E+12,2020/,11/6/20,2020116
11/7/20,3587,525608,15519172,89995,25928,,,3.386830174,1381,308,138,New York,04000US36,18,0,163291,2689.603821,0.092108318,132.6769149,835.5810748,79413.6016,,460.5160041,18.35514092,525698.5,2690.066921,19.64285714,0.10051503,25928.92857,132.6816665,146011.2857,747.1585516,15433008.36,78972.69115,0,0,89995,460.5160041,3266.571429,16.71546665,1.60E+12,2020/,11/7/20,2020117
11/8/20,3428,529036,15664814,89995,25947,,,3.377224907,1396,295,131,New York,04000US36,19,0,145642,2707.145339,0.097225447,132.7741403,745.268869,80158.87047,,460.5160041,17.54151744,527099.9231,2697.238184,20.92307692,0.107066079,25938.30769,132.7296607,146707.3846,750.7205793,15502646.08,79329.03633,0,0,89995,460.5160041,3360.230769,17.19473356,1.60E+12,2020/,11/8/20,2020118
11/9/20,3144,532180,15776230,89995,25973,,,3.373302747,1444,282,125,New York,04000US36,26,0,111416,2723.233591,0.133045348,132.9071857,570.1300196,80729.00049,,460.5160041,16.08825287,528547,2704.643063,21.25,0.108738986,25947.83333,132.7784046,146521.75,749.7706631,15571478.83,79681.26241,0,0,89995,460.5160041,3452.333333,17.66603424,1.60E+12,2020/,11/9/20,2020119
11/10/20,3965,536145,15904266,89995,26005,,,3.371076666,1548,296,128,New York,04000US36,32,0,128036,2743.523007,0.163748121,133.0709338,655.1766998,81384.17719,,460.5160041,20.28941559,530108.7273,2712.634622,21.90909091,0.11211164,25957.81818,132.8294984,151105.4545,773.2260695,15644090.18,80052.82403,0,0,89995,460.5160041,3617.727273,18.51237633,1.60E+12,2020/,11/10/20,20201110
11/11/20,4820,540965,16068566,89995,26026,,,3.366604089,1628,304,135,New York,04000US36,21,0,164300,2768.187568,0.107459704,133.1783935,840.7442577,82224.92145,,460.5160041,24.6645607,531750.7,2721.036808,22.6,0.11564711,25968.3,132.8831352,153429.1,785.1164625,15718436.9,80433.26576,0,0,89995,460.5160041,3747.4,19.17592837,1.61E+12,2020/,11/11/20,20201111
11/12/20,4797,545762,16231193,89995,26055,,,3.362426902,1677,308,136,New York,04000US36,29,0,162627,2792.734434,0.148396734,133.3267902,832.1833013,83057.10475,,460.5160041,24.54686673,533521.3333,2730.097367,23.44444444,0.119968241,25979.44444,132.9401627,155639.6667,796.4282168,15794468,80822.32669,0,0,89995,460.5160041,3927.555556,20.09780755,1.61E+12,2020/,11/12/20,20201112
11/13/20,5401,551163,16434914,89995,26079,,,3.35361049,1737,331,137,New York,04000US36,24,0,203721,2820.372047,0.122811091,133.4496013,1042.466591,84099.57134,,460.5160041,27.63761251,535360,2739.506061,23.375,0.119612885,25990.375,132.9960958,154967.25,792.9873741,15869379.5,81205.65848,0,0,89995,460.5160041,4043.875,20.69302912,1.61E+12,2020/,11/13/20,20201113